player_name,player_name_norm,team,position_raw,position,position_group,total_value,apy,guaranteed,contract_years,signing_year,source_url,year,cap_that_year,apy_pct_cap
Dak Prescott,dak prescott,Cowboys,QB,QB,QB,240000000.0,60000000.0,129000000.0,4.0,2024,,2024,255400000.0,0.23492560689115113
Joe Burrow,joe burrow,Bengals,QB,QB,QB,275000000.0,55000000.0,146510000.0,5.0,2023,,2023,224800000.0,0.24466192170818504
Trevor Lawrence,trevor lawrence,Jaguars,QB,QB,QB,275000000.0,55000000.0,142000000.0,5.0,2024,,2024,255400000.0,0.2153484729835552
Jordan Love,jordan love,Packers,QB,QB,QB,220000000.0,55000000.0,100800000.0,4.0,2024,,2024,255400000.0,0.2153484729835552
Josh Allen,josh allen,Bills,QB,QB,QB,330000000.0,55000000.0,147000000.0,6.0,2025,,2025,279000000.0,0.1971326164874552
Tua Tagovailoa,tua tagovailoa,Dolphins,QB,QB,QB,212400000.0,53100000.0,93171000.0,4.0,2024,,2024,255400000.0,0.20790916209866875
Brock Purdy,brock purdy,49ers,QB,QB,QB,265000000.0,53000000.0,100000000.0,5.0,2025,,2025,279000000.0,0.18996415770609318
Jared Goff,jared goff,Lions,QB,QB,QB,212000000.0,53000000.0,113611832.0,4.0,2024,,2024,255400000.0,0.20751761942051683
Justin Herbert,justin herbert,Chargers,QB,QB,QB,262500000.0,52500000.0,133738375.0,5.0,2023,,2023,224800000.0,0.23354092526690393
Lamar Jackson,lamar jackson,Ravens,QB,QB,QB,260000000.0,52000000.0,135000000.0,5.0,2023,,2023,224800000.0,0.2313167259786477
Jalen Hurts,jalen hurts,Eagles,QB,QB,QB,255000000.0,51000000.0,110000000.0,5.0,2023,,2023,224800000.0,0.22686832740213522
Aaron Rodgers,aaron rodgers,NYJ/GB,QB,QB,QB,150815000.0,50271667.0,101415000.0,3.0,2022,,2022,208200000.0,0.24145853506243997
Russell Wilson,russell wilson,Broncos,QB,QB,QB,245000000.0,49000000.0,124000000.0,5.0,2022,,2022,208200000.0,0.23535062439961577
Kyler Murray,kyler murray,Cardinals,QB,QB,QB,230500000.0,46100000.0,103300000.0,5.0,2022,,2022,208200000.0,0.22142170989433238
Deshaun Watson,deshaun watson,Browns,QB,QB,QB,230000000.0,46000000.0,230000000.0,5.0,2022,,2022,208200000.0,0.22094140249759847
Patrick Mahomes,patrick mahomes,Chiefs,QB,QB,QB,450000000.0,45000000.0,63081905.0,10.0,2020,,2020,198200000.0,0.22704339051463168
Kirk Cousins,kirk cousins,Falcons,QB,QB,QB,180000000.0,45000000.0,90000000.0,4.0,2024,,2024,255400000.0,0.17619420516836334
Daniel Jones,daniel jones,Colts,QB,QB,QB,88000000.0,44000000.0,50000000.0,2.0,2026,,2026,301200000.0,0.1460823373173971
Josh Allen,josh allen,Bills,QB,QB,QB,258000000.0,43000000.0,100000000.0,6.0,2021,,2021,182500000.0,0.2356164383561644
Derek Carr,derek carr,Raiders,QB,QB,QB,121422481.0,40474160.0,24900000.0,3.0,2022,,2022,208200000.0,0.19440038424591738
Ja'Marr Chase,ja'marr chase,Bengals,WR,WR,SKILL,161000000.0,40250000.0,73900000.0,4.0,2025,,2025,279000000.0,0.1442652329749104
Matt Stafford,matt stafford,Rams,QB,QB,QB,160000000.0,40000000.0,63000000.0,4.0,2022,,2022,208200000.0,0.19212295869356388
Dak Prescott,dak prescott,Cowboys,QB,QB,QB,160000000.0,40000000.0,95000000.0,4.0,2021,,2021,182500000.0,0.2191780821917808
Matt Stafford,matt stafford,Rams,QB,QB,QB,80000000.0,40000000.0,40000000.0,2.0,2025,,2025,279000000.0,0.14336917562724014
Daniel Jones,daniel jones,Giants,QB,QB,QB,160000000.0,40000000.0,81000000.0,4.0,2023,,2023,224800000.0,0.17793594306049823
Deshaun Watson,deshaun watson,Texans,QB,QB,QB,156000000.0,39000000.0,74894247.0,4.0,2020,,2020,198200000.0,0.19677093844601412
Geno Smith,geno smith,Raiders,QB,QB,QB,75000000.0,37500000.0,58500000.0,2.0,2025,,2025,279000000.0,0.13440860215053763
Derek Carr,derek carr,Saints,QB,QB,QB,150000000.0,37500000.0,60000000.0,4.0,2023,,2023,224800000.0,0.16681494661921709
Aaron Rodgers,aaron rodgers,Jets,QB,QB,QB,112500000.0,37500000.0,75000000.0,3.0,2023,,2023,224800000.0,0.16681494661921709
Calvin Ridley,calvin ridley,Titans,WR,WR,SKILL,35250000.0,35250000.0,12490000.0,1.0,2026,,2026,301200000.0,0.11703187250996015
Russell Wilson,russell wilson,SEA/DEN,QB,QB,QB,140000000.0,35000000.0,70000000.0,4.0,2019,,2019,188200000.0,0.18597236981934112
Justin Jefferson,justin jefferson,Vikings,WR,WR,SKILL,140000000.0,35000000.0,88743000.0,4.0,2024,,2024,255400000.0,0.1370399373531715
Kirk Cousins,kirk cousins,Vikings,QB,QB,QB,35000000.0,35000000.0,70000000.0,1.0,2022,,2022,208200000.0,0.16810758885686838
Ben Roethlisberger,ben roethlisberger,Steelers,QB,QB,QB,68000000.0,34000000.0,37500000.0,2.0,2019,,2019,188200000.0,0.1806588735387885
CeeDee Lamb,ceedee lamb,Cowboys,WR,WR,SKILL,136000000.0,34000000.0,67000000.0,4.0,2024,,2024,255400000.0,0.1331245105716523
Aaron Rodgers,aaron rodgers,Packers,QB,QB,QB,134000000.0,33500000.0,78700000.0,4.0,2018,,2018,177200000.0,0.18905191873589164
Jared Goff,jared goff,DET/LAR,QB,QB,QB,134000000.0,33500000.0,57042682.0,4.0,2019,,2019,188200000.0,0.17800212539851223
Sam Darnold,sam darnold,Seahawks,QB,QB,QB,100500000.0,33500000.0,37500000.0,3.0,2025,,2025,279000000.0,0.12007168458781362
Baker Mayfield,baker mayfield,Buccaneers,QB,QB,QB,100000000.0,33333333.0,40000000.0,3.0,2024,,2024,255400000.0,0.13051422474549726
Kirk Cousins,kirk cousins,Vikings,QB,QB,QB,66000000.0,33000000.0,61000000.0,2.0,2020,,2020,198200000.0,0.16649848637739656
D.K. Metcalf,d.k. metcalf,Steelers,WR,WR,SKILL,131999529.0,32999882.0,60000471.0,4.0,2025,,2025,279000000.0,0.11827914695340502
Garrett Wilson,garrett wilson,Jets,WR,WR,SKILL,130000000.0,32500000.0,38324819.0,4.0,2025,,2025,279000000.0,0.11648745519713262
A.J. Brown,a.j. brown,Eagles,WR,WR,SKILL,96000000.0,32000000.0,51000000.0,3.0,2024,,2024,255400000.0,0.12529365700861395
Carson Wentz,carson wentz,PHI/WAS/IND,QB,QB,QB,128000000.0,32000000.0,66470683.0,4.0,2019,,2019,188200000.0,0.17003188097768332
Dak Prescott,dak prescott,Cowboys,QB,QB,QB,31409000.0,31409000.0,31409000.0,1.0,2020,,2020,198200000.0,0.15847124117053482
Amon-Ra St. Brown,amon-ra st. brown,Lions,WR,WR,SKILL,120010000.0,30002500.0,34666000.0,4.0,2024,,2024,255400000.0,0.11747259201252937
Tyreek Hill,tyreek hill,Dolphins,WR,WR,SKILL,120000000.0,30000000.0,52535000.0,4.0,2022,,2022,208200000.0,0.1440922190201729
Brandon Aiyuk,brandon aiyuk,49ers,WR,WR,SKILL,120000000.0,30000000.0,45000000.0,4.0,2024,,2024,255400000.0,0.11746280344557557
Tyreek Hill,tyreek hill,Dolphins,WR,WR,SKILL,90000000.0,30000000.0,54000000.0,3.0,2024,,2024,255400000.0,0.11746280344557557
Matt Ryan,matt ryan,ATL/IND,QB,QB,QB,150000000.0,30000000.0,94500000.0,5.0,2018,,2018,177200000.0,0.16930022573363432
Ryan Tannehill,ryan tannehill,Titans,QB,QB,QB,118000000.0,29500000.0,62000000.0,4.0,2020,,2020,198200000.0,0.14883955600403634
Terry McLaurin,terry mclaurin,Commanders,WR,WR,SKILL,87000000.0,29000000.0,44650000.0,3.0,2025,,2025,279000000.0,0.1039426523297491
Tee Higgins,tee higgins,Bengals,WR,WR,SKILL,115000000.0,28750000.0,30000000.0,4.0,2025,,2025,279000000.0,0.10304659498207885
Alec Pierce,alec pierce,Colts,WR,WR,SKILL,114000000.0,28500000.0,60000000.0,4.0,2026,,2026,301200000.0,0.0946215139442231
Jaylen Waddle,jaylen waddle,MIA/DEN,WR,WR,SKILL,84750000.0,28250000.0,35978546.0,3.0,2024,,2024,255400000.0,0.110610806577917
Kirk Cousins,kirk cousins,Vikings,QB,QB,QB,84000000.0,28000000.0,84000000.0,3.0,2018,,2018,177200000.0,0.1580135440180587
Davante Adams,davante adams,LV/NYJ,WR,WR,SKILL,140000000.0,28000000.0,22750000.0,5.0,2022,,2022,208200000.0,0.1344860710854947
Jacoby Brissett,jacoby brissett,Colts,QB,QB,QB,27975000.0,27975000.0,20000000.0,1.0,2019,,2019,188200000.0,0.1486450584484591
D.J. Moore,d.j. moore,CHI/BUF,WR,WR,SKILL,110000000.0,27500000.0,43650000.0,4.0,2024,,2024,255400000.0,0.1076742364917776
Jimmy Garoppolo,jimmy garoppolo,49ers,QB,QB,QB,137500000.0,27500000.0,48700000.0,5.0,2018,,2018,177200000.0,0.15519187358916478
Jake Bobo,jake bobo,Jaguars,WR,WR,SKILL,55000000.0,27500000.0,4500000.0,2.0,2026,,2026,301200000.0,0.09130146082337318
George Pickens,george pickens,Cowboys,WR,WR,SKILL,27298000.0,27298000.0,0.0,1.0,2026,,2026,301200000.0,0.09063081009296149
DeAndre Hopkins,deandre hopkins,Cardinals,WR,WR,SKILL,54500000.0,27250000.0,42750000.0,2.0,2020,,2020,198200000.0,0.13748738647830475
Matt Stafford,matt stafford,LAR/DET,QB,QB,QB,135000000.0,27000000.0,60500000.0,5.0,2017,,2017,167000000.0,0.16167664670658682
Cooper Kupp,cooper kupp,Rams,WR,WR,SKILL,80100000.0,26700000.0,35000000.0,3.0,2022,,2022,208200000.0,0.1282420749279539
Jameson Williams,jameson williams,Lions,WR,WR,SKILL,80000000.0,26666667.0,30579154.0,3.0,2025,,2025,279000000.0,0.09557945161290322
Derek Carr,derek carr,Raiders,QB,QB,QB,125025000.0,25005000.0,40000000.0,5.0,2017,,2017,167000000.0,0.14973053892215568
Tom Brady,tom brady,Buccaneers,QB,QB,QB,25000000.0,25000000.0,25000000.0,1.0,2021,,2021,182500000.0,0.136986301369863
Drew Brees,drew brees,Saints,QB,QB,QB,50000000.0,25000000.0,27000000.0,2.0,2018,,2018,177200000.0,0.14108352144469527
Geno Smith,geno smith,LV/SEA,QB,QB,QB,75000000.0,25000000.0,27300000.0,3.0,2023,,2023,224800000.0,0.11120996441281139
Drew Brees,drew brees,Saints,QB,QB,QB,50000000.0,25000000.0,25000000.0,2.0,2020,,2020,198200000.0,0.12613521695257315
Philip Rivers,philip rivers,Colts,QB,QB,QB,25000000.0,25000000.0,25000000.0,1.0,2020,,2020,198200000.0,0.12613521695257315
A.J. Brown,a.j. brown,Eagles,WR,WR,SKILL,100000000.0,25000000.0,40000000.0,4.0,2022,,2022,208200000.0,0.12007684918347743
DeVonta Smith,devonta smith,Eagles,WR,WR,SKILL,75000000.0,25000000.0,33997554.0,3.0,2024,,2024,255400000.0,0.09788566953797964
Tom Brady,tom brady,Buccaneers,QB,QB,QB,50000000.0,25000000.0,50000000.0,2.0,2020,,2020,198200000.0,0.12613521695257315
Andrew Luck,andrew luck,Colts,QB,QB,QB,122970000.0,24594000.0,47000000.0,5.0,2016,,2016,155270000.0,0.15839505377729118
Jimmy Garoppolo,jimmy garoppolo,Raiders,QB,QB,QB,72750000.0,24250000.0,33750000.0,3.0,2023,,2023,224800000.0,0.10787366548042705
Drew Brees,drew brees,Saints,QB,QB,QB,24250000.0,24250000.0,24250000.0,1.0,2016,,2016,155270000.0,0.15617955818896118
Nico Collins,nico collins,Texans,WR,WR,SKILL,72750000.0,24250000.0,32116000.0,3.0,2024,,2024,255400000.0,0.09494909945184025
Stefon Diggs,stefon diggs,Bills,WR,WR,SKILL,96000000.0,24000000.0,47985000.0,4.0,2022,,2022,208200000.0,0.11527377521613832
D.K. Metcalf,d.k. metcalf,Seahawks,WR,WR,SKILL,72000000.0,24000000.0,31000000.0,3.0,2022,,2022,208200000.0,0.11527377521613832
Kirk Cousins,kirk cousins,Commanders,QB,QB,QB,23943600.0,23943600.0,23943600.0,1.0,2017,,2017,167000000.0,0.1433748502994012
Deebo Samuel,deebo samuel,SF/WAS,WR,WR,SKILL,71550000.0,23850000.0,41000000.0,3.0,2022,,2022,208200000.0,0.11455331412103746
Alex Smith,alex smith,Commanders,QB,QB,QB,94000000.0,23500000.0,55000000.0,4.0,2018,,2018,177200000.0,0.13261851015801354
"Michael Pittman, Jr.","michael pittman, jr.",IND/PIT,WR,WR,SKILL,70000000.0,23333333.0,41000000.0,3.0,2024,,2024,255400000.0,0.09135995693030541
Terry McLaurin,terry mclaurin,Commanders,WR,WR,SKILL,69600000.0,23200000.0,34654118.0,3.0,2022,,2022,208200000.0,0.11143131604226705
Calvin Ridley,calvin ridley,Titans,WR,WR,SKILL,92000000.0,23000000.0,46980000.0,4.0,2024,,2024,255400000.0,0.09005481597494126
Courtland Sutton,courtland sutton,Broncos,WR,WR,SKILL,92000000.0,23000000.0,40000000.0,4.0,2025,,2025,279000000.0,0.08243727598566308
Tom Brady,tom brady,Patriots,QB,QB,QB,23000000.0,23000000.0,22000000.0,1.0,2019,,2019,188200000.0,0.12221041445270989
Stefon Diggs,stefon diggs,Texans,WR,WR,SKILL,22520000.0,22520000.0,22015000.0,1.0,2024,,2024,255400000.0,0.08817541111981206
Malik Willis,malik willis,Dolphins,QB,QB,QB,67500000.0,22500000.0,45000000.0,3.0,2026,,2026,301200000.0,0.07470119521912351
Joe Flacco,joe flacco,DEN/BAL,QB,QB,QB,66400000.0,22133333.0,44000000.0,3.0,2016,,2016,155270000.0,0.1425473884201713
Nick Foles,nick foles,CHI/JAX,QB,QB,QB,88000000.0,22000000.0,45125000.0,4.0,2019,,2019,188200000.0,0.11689691817215728
Davante Adams,davante adams,Rams,WR,WR,SKILL,44000000.0,22000000.0,26000000.0,2.0,2025,,2025,279000000.0,0.07885304659498207
Chris Godwin,chris godwin,Buccaneers,WR,WR,SKILL,66000000.0,22000000.0,44000000.0,3.0,2025,,2025,279000000.0,0.07885304659498207
Aaron Rodgers,aaron rodgers,Packers,QB,QB,QB,110000000.0,22000000.0,54000000.0,5.0,2013,,2013,123000000.0,0.17886178861788618
Julio Jones,julio jones,ATL/TEN,WR,WR,SKILL,66000000.0,22000000.0,64000000.0,3.0,2019,,2019,188200000.0,0.11689691817215728
Russell Wilson,russell wilson,Seahawks,QB,QB,QB,87600000.0,21900000.0,31700000.0,4.0,2015,,2015,143280000.0,0.15284757118927972
Ben Roethlisberger,ben roethlisberger,Steelers,QB,QB,QB,87400000.0,21850000.0,34250000.0,4.0,2015,,2015,143280000.0,0.15249860413176997
Tee Higgins,tee higgins,Bengals,WR,WR,SKILL,21816000.0,21816000.0,21816000.0,1.0,2024,,2024,255400000.0,0.08541895066562255
Stefon Diggs,stefon diggs,Patriots,WR,WR,SKILL,63500000.0,21166667.0,16600000.0,3.0,2025,,2025,279000000.0,0.07586618996415771
Carson Palmer,carson palmer,Cardinals,QB,QB,QB,21000000.0,21000000.0,11650000.0,1.0,2016,,2016,155270000.0,0.1352482771945643
Teddy Bridgewater,teddy bridgewater,Panthers,QB,QB,QB,63000000.0,21000000.0,33000000.0,3.0,2020,,2020,198200000.0,0.10595358224016145
Eli Manning,eli manning,Giants,QB,QB,QB,84000000.0,21000000.0,36500000.0,4.0,2015,,2015,143280000.0,0.14656616415410384
Philip Rivers,philip rivers,Chargers,QB,QB,QB,83250000.0,20812500.0,37500000.0,4.0,2015,,2015,143280000.0,0.1452575376884422
Cam Newton,cam newton,Panthers,QB,QB,QB,103800000.0,20760000.0,41000000.0,5.0,2015,,2015,143280000.0,0.14489112227805695
Matt Ryan,matt ryan,Falcons,QB,QB,QB,103750000.0,20750000.0,42000000.0,5.0,2013,,2013,123000000.0,0.16869918699186992
D.J. Moore,d.j. moore,CAR/CHI,WR,WR,SKILL,61884000.0,20628000.0,41610000.0,3.0,2022,,2022,208200000.0,0.0990778097982709
Saquon Barkley,saquon barkley,Eagles,RB,RB,SKILL,41200000.0,20600000.0,36000000.0,2.0,2025,,2025,279000000.0,0.07383512544802867
Tom Brady,tom brady,Patriots,QB,QB,QB,41000000.0,20500000.0,28000000.0,2.0,2016,,2016,155270000.0,0.13202808011850325
Mike Evans,mike evans,Buccaneers,WR,WR,SKILL,41000000.0,20500000.0,29000000.0,2.0,2024,,2024,255400000.0,0.08026624902114331
Joe Flacco,joe flacco,Ravens,QB,QB,QB,120600000.0,20100000.0,51000000.0,6.0,2013,,2013,123000000.0,0.16341463414634147
Keenan Allen,keenan allen,LAC/CHI,WR,WR,SKILL,80100000.0,20025000.0,32000000.0,4.0,2020,,2020,198200000.0,0.1010343087790111
Jakobi Meyers,jakobi meyers,Jaguars,WR,WR,SKILL,60000000.0,20000000.0,30000000.0,3.0,2025,,2025,279000000.0,0.07168458781362007
Chris Godwin,chris godwin,Buccaneers,WR,WR,SKILL,60000000.0,20000000.0,40000000.0,3.0,2022,,2022,208200000.0,0.09606147934678194
Justin Fields,justin fields,Jets,QB,QB,QB,40000000.0,20000000.0,30000000.0,2.0,2025,,2025,279000000.0,0.07168458781362007
Mike Williams,mike williams,Chargers,WR,WR,SKILL,60000000.0,20000000.0,40000000.0,3.0,2022,,2022,208200000.0,0.09606147934678194
Amari Cooper,amari cooper,CLE/DAL/BUF,WR,WR,SKILL,100000000.0,20000000.0,40000000.0,5.0,2020,,2020,198200000.0,0.10090817356205853
Drew Brees,drew brees,Saints,QB,QB,QB,100000000.0,20000000.0,40000000.0,5.0,2012,,2012,120600000.0,0.16583747927031509
Sam Bradford,sam bradford,Cardinals,QB,QB,QB,40000000.0,20000000.0,15000000.0,2.0,2018,,2018,177200000.0,0.11286681715575621
Kirk Cousins,kirk cousins,Commanders,QB,QB,QB,19953000.0,19953000.0,19953000.0,1.0,2016,,2016,155270000.0,0.12850518451729245
Brandin Cooks,brandin cooks,Texans,WR,WR,SKILL,39764706.0,19882353.0,36000000.0,2.0,2022,,2022,208200000.0,0.0954964121037464
Ryan Tannehill,ryan tannehill,Dolphins,QB,QB,QB,77000000.0,19250000.0,21500000.0,4.0,2015,,2015,143280000.0,0.13435231714126186
Michael Thomas,michael thomas,Saints,WR,WR,SKILL,96250000.0,19250000.0,35648043.0,5.0,2019,,2019,188200000.0,0.10228480340063761
Peyton Manning,peyton manning,Broncos,QB,QB,QB,96000000.0,19200000.0,18000000.0,5.0,2012,,2012,120600000.0,0.15920398009950248
George Kittle,george kittle,49ers,TE,TE,SKILL,76400000.0,19100000.0,35000000.0,4.0,2025,,2025,279000000.0,0.06845878136200717
Colin Kaepernick,colin kaepernick,49ers,QB,QB,QB,114000000.0,19000000.0,12973766.0,6.0,2014,,2014,133000000.0,0.14285714285714285
Trey McBride,trey mcbride,Cardinals,TE,TE,SKILL,76000000.0,19000000.0,32500000.0,4.0,2025,,2025,279000000.0,0.06810035842293907
Christian McCaffrey,christian mccaffrey,49ers,RB,RB,SKILL,38000000.0,19000000.0,24000000.0,2.0,2024,,2024,255400000.0,0.07439310884886452
Diontae Johnson,diontae johnson,HOU/CAR/BAL/PIT,WR,WR,SKILL,36710000.0,18355000.0,19000000.0,2.0,2022,,2022,208200000.0,0.08816042267050912
Jay Cutler,jay cutler,Bears,QB,QB,QB,126700000.0,18100000.0,38000000.0,7.0,2014,,2014,133000000.0,0.13609022556390976
Tyrod Taylor,tyrod taylor,Bills,QB,QB,QB,90000000.0,18000000.0,9500000.0,5.0,2016,,2016,155270000.0,0.11592709473819798
Brock Osweiler,brock osweiler,CLE/HOU,QB,QB,QB,72000000.0,18000000.0,37000000.0,4.0,2016,,2016,155270000.0,0.11592709473819798
Tyreek Hill,tyreek hill,Chiefs,WR,WR,SKILL,54000000.0,18000000.0,18340000.0,3.0,2019,,2019,188200000.0,0.09564293304994687
Kenny Golladay,kenny golladay,Giants,WR,WR,SKILL,72000000.0,18000000.0,28000000.0,4.0,2021,,2021,182500000.0,0.09863013698630137
Odell Beckham Jr.,odell beckham jr.,NYG/CLE,WR,WR,SKILL,90000000.0,18000000.0,40959000.0,5.0,2018,,2018,177200000.0,0.10158013544018059
Tony Romo,tony romo,Cowboys,QB,QB,QB,108000000.0,18000000.0,40000000.0,6.0,2013,,2013,123000000.0,0.14634146341463414
Peyton Manning,peyton manning,Colts,QB,QB,QB,90000000.0,18000000.0,20000000.0,5.0,2011,,2011,120000000.0,0.15
Case Keenum,case keenum,Broncos,QB,QB,QB,36000000.0,18000000.0,25000000.0,2.0,2018,,2018,177200000.0,0.10158013544018059
Tom Brady,tom brady,Patriots,QB,QB,QB,72000000.0,18000000.0,18300000.0,4.0,2010,,2010,102000000.0,0.17647058823529413
Christian Kirk,christian kirk,JAX/HOU,WR,WR,SKILL,72000000.0,18000000.0,37000000.0,4.0,2022,,2022,208200000.0,0.08645533141210375
Allen Robinson,allen robinson,Bears,WR,WR,SKILL,17980000.0,17980000.0,17880000.0,1.0,2021,,2021,182500000.0,0.09852054794520548
A.J. Green,a.j. green,Bengals,WR,WR,SKILL,17971000.0,17971000.0,17971000.0,1.0,2020,,2020,198200000.0,0.09067103935418769
Matt Stafford,matt stafford,Lions,QB,QB,QB,53000000.0,17666667.0,33500000.0,3.0,2013,,2013,123000000.0,0.14363143902439024
Wan'Dale Robinson,wan'dale robinson,Titans,WR,WR,SKILL,70000000.0,17500000.0,38000000.0,4.0,2026,,2026,301200000.0,0.058100929614873835
Jerry Jeudy,jerry jeudy,Browns,WR,WR,SKILL,52500000.0,17500000.0,41000000.0,3.0,2024,,2024,255400000.0,0.06851996867658575
"Michael Pittman, Jr.","michael pittman, jr.",Steelers,WR,WR,SKILL,35000000.0,17500000.0,24000000.0,2.0,2026,,2026,301200000.0,0.058100929614873835
Sam Bradford,sam bradford,PHI/MIN,QB,QB,QB,35000000.0,17500000.0,22000000.0,2.0,2016,,2016,155270000.0,0.11270689766213693
Blake Bortles,blake bortles,Jaguars,QB,QB,QB,34947000.0,17483500.0,26500000.0,2.0,2018,,2018,177200000.0,0.09866534988713319
Tyler Lockett,tyler lockett,Seahawks,WR,WR,SKILL,69200000.0,17300000.0,21000000.0,4.0,2021,,2021,182500000.0,0.09479452054794521
Travis Kelce,travis kelce,Chiefs,TE,TE,SKILL,34250000.0,17125000.0,17000000.0,2.0,2024,,2024,255400000.0,0.06705168363351606
Rashid Shaheed,rashid shaheed,Seahawks,WR,WR,SKILL,51000000.0,17000000.0,23000000.0,3.0,2026,,2026,301200000.0,0.05644090305444887
Alex Smith,alex smith,Chiefs,QB,QB,QB,68000000.0,17000000.0,19000000.0,4.0,2014,,2014,133000000.0,0.12781954887218044
Romeo Doubs,romeo doubs,Patriots,WR,WR,SKILL,68000000.0,17000000.0,35000000.0,4.0,2026,,2026,301200000.0,0.05644090305444887
Antonio Brown,antonio brown,Steelers,WR,WR,SKILL,68000000.0,17000000.0,19000000.0,4.0,2017,,2017,167000000.0,0.10179640718562874
Peyton Manning,peyton manning,Broncos,QB,QB,QB,34000000.0,17000000.0,15000000.0,2.0,2015,,2015,143280000.0,0.11864879955332217
Darren Waller,darren waller,NYG/LV,TE,TE,SKILL,51000000.0,17000000.0,19250000.0,3.0,2022,,2022,208200000.0,0.08165225744476465
Antonio Brown,antonio brown,Raiders,WR,WR,SKILL,50125000.0,16708333.0,30125000.0,3.0,2019,,2019,188200000.0,0.08877966524973432
T.J. Hockenson,t.j. hockenson,Vikings,TE,TE,SKILL,66000000.0,16500000.0,29292000.0,4.0,2023,,2023,224800000.0,0.07339857651245552
Mike Evans,mike evans,Buccaneers,WR,WR,SKILL,82500000.0,16500000.0,38258000.0,5.0,2018,,2018,177200000.0,0.09311512415349887
Carson Palmer,carson palmer,Cardinals,QB,QB,QB,49500000.0,16500000.0,14235294.0,3.0,2014,,2014,133000000.0,0.12406015037593984
Eli Manning,eli manning,Giants,QB,QB,QB,97500000.0,16250000.0,20500000.0,6.0,2009,,2009,123000000.0,0.13211382113821138
Robert Woods,robert woods,LAR/TEN,WR,WR,SKILL,65000000.0,16250000.0,18205882.0,4.0,2020,,2020,198200000.0,0.08198789101917256
Calvin Johnson,calvin johnson,Lions,WR,WR,SKILL,113450000.0,16207143.0,48750000.0,7.0,2012,,2012,120600000.0,0.13438758706467663
Brandin Cooks,brandin cooks,HOU/LAR,WR,WR,SKILL,81000000.0,16200000.0,20459000.0,5.0,2018,,2018,177200000.0,0.09142212189616253
DeAndre Hopkins,deandre hopkins,HOU/ARI,WR,WR,SKILL,81000000.0,16200000.0,36500000.0,5.0,2017,,2017,167000000.0,0.09700598802395209
Adam Thielen,adam thielen,Vikings,WR,WR,SKILL,64800000.0,16200000.0,14105000.0,4.0,2019,,2019,188200000.0,0.08607863974495218
Carson Palmer,carson palmer,Bengals,QB,QB,QB,97000000.0,16166667.0,24000000.0,6.0,2005,,2005,85500000.0,0.18908382456140352
Larry Fitzgerald,larry fitzgerald,Cardinals,WR,WR,SKILL,113000000.0,16142857.0,20000000.0,7.0,2011,,2011,120000000.0,0.13452380833333333
Christian McCaffrey,christian mccaffrey,CAR/SF,RB,RB,SKILL,64063412.0,16015853.0,30062500.0,4.0,2020,,2020,198200000.0,0.08080652371342079
Andy Dalton,andy dalton,Bengals,QB,QB,QB,96000000.0,16000000.0,17000000.0,6.0,2014,,2014,133000000.0,0.12030075187969924
Sammy Watkins,sammy watkins,Chiefs,WR,WR,SKILL,48000000.0,16000000.0,30000000.0,3.0,2018,,2018,177200000.0,0.09029345372460497
Brett Favre,brett favre,Vikings,QB,QB,QB,16000000.0,16000000.0,4400000.0,1.0,2010,,2010,102000000.0,0.1568627450980392
Michael Vick,michael vick,Eagles,QB,QB,QB,80000000.0,16000000.0,32500000.0,5.0,2011,,2011,120000000.0,0.13333333333333333
Chris Godwin,chris godwin,Buccaneers,WR,WR,SKILL,15983000.0,15983000.0,15983000.0,1.0,2021,,2021,182500000.0,0.08757808219178081
Jarvis Landry,jarvis landry,Dolphins,WR,WR,SKILL,15982000.0,15982000.0,0.0,1.0,2018,,2018,177200000.0,0.09019187358916479
Hunter Renfrow,hunter renfrow,Raiders,WR,WR,SKILL,31700000.0,15850000.0,14500000.0,2.0,2022,,2022,208200000.0,0.07612872238232468
Cooper Kupp,cooper kupp,Rams,WR,WR,SKILL,47250000.0,15750000.0,20633000.0,3.0,2020,,2020,198200000.0,0.07946518668012109
Colin Kaepernick,colin kaepernick,49ers,QB,QB,QB,31200000.0,15600000.0,13275000.0,2.0,2016,,2016,155270000.0,0.10047014877310491
Allen Robinson,allen robinson,Rams,WR,WR,SKILL,46500000.0,15500000.0,30250000.0,3.0,2022,,2022,208200000.0,0.074447646493756
Matt Schaub,matt schaub,Texans,QB,QB,QB,62000000.0,15500000.0,24250000.0,4.0,2012,,2012,120600000.0,0.1285240464344942
Baker Mayfield,baker mayfield,CAR/LAR,QB,QB,QB,15358000.0,15358000.0,15358000.0,1.0,2022,,2022,208200000.0,0.07376560999039385
Philip Rivers,philip rivers,Chargers,QB,QB,QB,91800000.0,15300000.0,33350000.0,6.0,2009,,2009,123000000.0,0.12439024390243902
Tyrod Taylor,tyrod taylor,BUF/CLE,QB,QB,QB,30500000.0,15250000.0,15500000.0,2.0,2017,,2017,167000000.0,0.09131736526946108
Kyle Pitts,kyle pitts,Falcons,TE,TE,SKILL,15045000.0,15045000.0,0.0,1.0,2026,,2026,301200000.0,0.04995019920318725
Ezekiel Elliott,ezekiel elliott,Cowboys,RB,RB,SKILL,90000000.0,15000000.0,28052137.0,6.0,2019,,2019,188200000.0,0.07970244420828905
Alvin Kamara,alvin kamara,Saints,RB,RB,SKILL,75000000.0,15000000.0,17833000.0,5.0,2020,,2020,198200000.0,0.07568113017154389
A.J. Green,a.j. green,Bengals,WR,WR,SKILL,60000000.0,15000000.0,26750000.0,4.0,2015,,2015,143280000.0,0.10469011725293133
Odell Beckham Jr.,odell beckham jr.,Ravens,WR,WR,SKILL,15000000.0,15000000.0,15000000.0,1.0,2023,,2023,224800000.0,0.06672597864768683
Courtland Sutton,courtland sutton,Broncos,WR,WR,SKILL,60000000.0,15000000.0,18848944.0,4.0,2021,,2021,182500000.0,0.0821917808219178
George Kittle,george kittle,49ers,TE,TE,SKILL,75000000.0,15000000.0,30000000.0,5.0,2020,,2020,198200000.0,0.07568113017154389
Derrick Henry,derrick henry,Ravens,RB,RB,SKILL,30000000.0,15000000.0,25000000.0,2.0,2025,,2025,279000000.0,0.053763440860215055
Mike Glennon,mike glennon,Bears,QB,QB,QB,45000000.0,15000000.0,18500000.0,3.0,2017,,2017,167000000.0,0.08982035928143713
Cooper Kupp,cooper kupp,Seahawks,WR,WR,SKILL,45000000.0,15000000.0,17500000.0,3.0,2025,,2025,279000000.0,0.053763440860215055
Tyler Lockett,tyler lockett,Seahawks,WR,WR,SKILL,30000000.0,15000000.0,12660000.0,2.0,2024,,2024,255400000.0,0.058731401722787784
Adam Thielen,adam thielen,Vikings,WR,WR,SKILL,44677058.0,14892353.0,13253529.0,3.0,2022,,2022,208200000.0,0.0715290730067243
Robbie Chosen,robbie chosen,ARI/CAR,WR,WR,SKILL,29500000.0,14750000.0,20500000.0,2.0,2021,,2021,182500000.0,0.08082191780821918
Alshon Jeffery,alshon jeffery,Bears,WR,WR,SKILL,14599000.0,14599000.0,14599000.0,1.0,2016,,2016,155270000.0,0.09402331422683068
Le'Veon Bell,le'veon bell,Steelers,RB,RB,SKILL,14544000.0,14544000.0,0.0,1.0,2018,,2018,177200000.0,0.08207674943566591
Davante Adams,davante adams,Packers,WR,WR,SKILL,58000000.0,14500000.0,18000000.0,4.0,2017,,2017,167000000.0,0.08682634730538923
Stefon Diggs,stefon diggs,BUF/MIN,WR,WR,SKILL,72000000.0,14400000.0,16907000.0,5.0,2018,,2018,177200000.0,0.08126410835214447
Todd Gurley,todd gurley,Rams,RB,RB,SKILL,57500000.0,14375000.0,21950000.0,4.0,2018,,2018,177200000.0,0.08112302483069977
Kenneth Walker III,kenneth walker iii,Chiefs,RB,RB,SKILL,43050000.0,14350000.0,28700000.0,3.0,2026,,2026,301200000.0,0.047642762284196546
Travis Kelce,travis kelce,Chiefs,TE,TE,SKILL,57250000.0,14312500.0,21000000.0,4.0,2020,,2020,198200000.0,0.07221241170534813
Breece Hall,breece hall,Jets,RB,RB,SKILL,14293000.0,14293000.0,0.0,1.0,2026,,2026,301200000.0,0.0474535192563081
Dallas Goedert,dallas goedert,Eagles,TE,TE,SKILL,57000000.0,14250000.0,14877549.0,4.0,2021,,2021,182500000.0,0.07808219178082192
Julio Jones,julio jones,Falcons,WR,WR,SKILL,71250000.0,14250000.0,35500000.0,5.0,2015,,2015,143280000.0,0.09945561139028476
Adrian Peterson,adrian peterson,Vikings,RB,RB,SKILL,85280000.0,14213333.0,20250000.0,6.0,2011,,2011,120000000.0,0.11844444166666666
Mike Evans,mike evans,49ers,WR,WR,SKILL,42500000.0,14166667.0,14300000.0,3.0,2026,,2026,301200000.0,0.047034086985391764
Mark Andrews,mark andrews,Ravens,TE,TE,SKILL,56000000.0,14000000.0,30083059.0,4.0,2021,,2021,182500000.0,0.07671232876712329
Allen Robinson,allen robinson,Bears,WR,WR,SKILL,42000000.0,14000000.0,18000000.0,3.0,2018,,2018,177200000.0,0.07900677200902935
Dez Bryant,dez bryant,Cowboys,WR,WR,SKILL,70000000.0,14000000.0,32000000.0,5.0,2015,,2015,143280000.0,0.0977107761027359
Jonathan Taylor,jonathan taylor,Colts,RB,RB,SKILL,42000000.0,14000000.0,19347556.0,3.0,2023,,2023,224800000.0,0.06227758007117438
Demaryius Thomas,demaryius thomas,Broncos,WR,WR,SKILL,70000000.0,14000000.0,35000000.0,5.0,2015,,2015,143280000.0,0.0977107761027359
Adrian Peterson,adrian peterson,Vikings,RB,RB,SKILL,42000000.0,14000000.0,13000000.0,3.0,2015,,2015,143280000.0,0.0977107761027359
Courtland Sutton,courtland sutton,Broncos,WR,WR,SKILL,27500000.0,13750000.0,0.0,2.0,2024,,2024,255400000.0,0.0538371182458888
Evan Engram,evan engram,Jaguars,TE,TE,SKILL,41250000.0,13750000.0,24000000.0,3.0,2023,,2023,224800000.0,0.06116548042704626
David Njoku,david njoku,Browns,TE,TE,SKILL,54750000.0,13687500.0,17000000.0,4.0,2022,,2022,208200000.0,0.06574207492795389
Chris Johnson,chris johnson,Titans,RB,RB,SKILL,53975000.0,13493750.0,13000000.0,4.0,2011,,2011,120000000.0,0.11244791666666666
Isaiah Likely,isaiah likely,Giants,TE,TE,SKILL,40000000.0,13333333.0,20500000.0,3.0,2026,,2026,301200000.0,0.044267373837981405
Khalil Shakir,khalil shakir,Bills,WR,WR,SKILL,53000000.0,13250000.0,18100000.0,4.0,2025,,2025,279000000.0,0.047491039426523295
Le'Veon Bell,le'veon bell,Jets,RB,RB,SKILL,52500000.0,13125000.0,27000000.0,4.0,2019,,2019,188200000.0,0.06973963868225293
Mark Andrews,mark andrews,Ravens,TE,TE,SKILL,39267000.0,13089000.0,20944444.0,3.0,2025,,2025,279000000.0,0.04691397849462366
Darnell Mooney,darnell mooney,Falcons,WR,WR,SKILL,39000000.0,13000000.0,26000000.0,3.0,2024,,2024,255400000.0,0.05090054815974941
Gabriel Davis,gabriel davis,Jaguars,WR,WR,SKILL,39000000.0,13000000.0,24000000.0,3.0,2024,,2024,255400000.0,0.05090054815974941
Alshon Jeffery,alshon jeffery,Eagles,WR,WR,SKILL,52000000.0,13000000.0,14250000.0,4.0,2017,,2017,167000000.0,0.07784431137724551
Dawson Knox,dawson knox,Bills,TE,TE,SKILL,52000000.0,13000000.0,19920000.0,4.0,2022,,2022,208200000.0,0.06243996157540826
T.Y. Hilton,t.y. hilton,Colts,WR,WR,SKILL,65000000.0,13000000.0,11000000.0,5.0,2015,,2015,143280000.0,0.09073143495254048
David Johnson,david johnson,HOU/ARI,RB,RB,SKILL,39000000.0,13000000.0,24682500.0,3.0,2018,,2018,177200000.0,0.07336343115124154
DeAndre Hopkins,deandre hopkins,TEN/KC,WR,WR,SKILL,26000000.0,13000000.0,10980000.0,2.0,2023,,2023,224800000.0,0.05782918149466192
Percy Harvin,percy harvin,NYJ/SEA,WR,WR,SKILL,64217500.0,12843500.0,14500000.0,5.0,2013,,2013,123000000.0,0.10441869918699187
Dalvin Cook,dalvin cook,Vikings,RB,RB,SKILL,63000000.0,12600000.0,16331361.0,5.0,2020,,2020,198200000.0,0.06357214934409687
Dalton Schultz,dalton schultz,Texans,TE,TE,SKILL,12600000.0,12600000.0,17600000.0,1.0,2026,,2026,301200000.0,0.04183266932270916
Saquon Barkley,saquon barkley,Eagles,RB,RB,SKILL,37750000.0,12583333.0,26000000.0,3.0,2024,,2024,255400000.0,0.049269119028974157
Derrick Henry,derrick henry,Titans,RB,RB,SKILL,50000000.0,12500000.0,25500000.0,4.0,2020,,2020,198200000.0,0.06306760847628658
Cole Kmet,cole kmet,Bears,TE,TE,SKILL,50000000.0,12500000.0,22893000.0,4.0,2023,,2023,224800000.0,0.055604982206405695
Jonnu Smith,jonnu smith,ATL/NE,TE,TE,SKILL,50000000.0,12500000.0,31250000.0,4.0,2021,,2021,182500000.0,0.0684931506849315
Hunter Henry,hunter henry,Patriots,TE,TE,SKILL,37500000.0,12500000.0,25000000.0,3.0,2021,,2021,182500000.0,0.0684931506849315
Corey Davis,corey davis,Jets,WR,WR,SKILL,37500000.0,12500000.0,27000000.0,3.0,2021,,2021,182500000.0,0.0684931506849315
Jake Ferguson,jake ferguson,Cowboys,TE,TE,SKILL,50000000.0,12500000.0,20656000.0,4.0,2025,,2025,279000000.0,0.044802867383512544
Alvin Kamara,alvin kamara,Saints,RB,RB,SKILL,24500000.0,12250000.0,19233333.0,2.0,2024,,2024,255400000.0,0.047963978073610025
Rashod Bateman,rashod bateman,Ravens,WR,WR,SKILL,36750000.0,12250000.0,16500000.0,3.0,2025,,2025,279000000.0,0.04390681003584229
Nick Chubb,nick chubb,Browns,RB,RB,SKILL,36600000.0,12200000.0,17133059.0,3.0,2021,,2021,182500000.0,0.06684931506849315
Le'Veon Bell,le'veon bell,Steelers,RB,RB,SKILL,12120000.0,12120000.0,12120000.0,1.0,2017,,2017,167000000.0,0.0725748502994012
Pat Freiermuth,pat freiermuth,Steelers,TE,TE,SKILL,48400000.0,12100000.0,11600000.0,4.0,2024,,2024,255400000.0,0.04737666405638215
Jonnu Smith,jonnu smith,Steelers,TE,TE,SKILL,12010000.0,12010000.0,7745000.0,1.0,2025,,2025,279000000.0,0.043046594982078856
Joe Mixon,joe mixon,Bengals,RB,RB,SKILL,48000000.0,12000000.0,10000000.0,4.0,2020,,2020,198200000.0,0.060544904137235116
Mike Wallace,mike wallace,MIN/MIA,WR,WR,SKILL,60000000.0,12000000.0,27000000.0,3.0,2013,,2013,123000000.0,0.0975609756097561
Travis Kelce,travis kelce,Chiefs,TE,TE,SKILL,12000000.0,12000000.0,12000000.0,1.0,2026,,2026,301200000.0,0.0398406374501992
Josh Jacobs,josh jacobs,Packers,RB,RB,SKILL,48000000.0,12000000.0,12500000.0,4.0,2024,,2024,255400000.0,0.04698512137823023
Marshawn Lynch,marshawn lynch,Seahawks,RB,RB,SKILL,24000000.0,12000000.0,12000000.0,2.0,2015,,2015,143280000.0,0.08375209380234507
Aaron Jones,aaron jones,Packers,RB,RB,SKILL,48000000.0,12000000.0,13000000.0,4.0,2021,,2021,182500000.0,0.06575342465753424
Dalton Schultz,dalton schultz,Texans,TE,TE,SKILL,36000000.0,12000000.0,23500000.0,3.0,2024,,2024,255400000.0,0.04698512137823023
Darius Slayton,darius slayton,Giants,WR,WR,SKILL,36000000.0,12000000.0,22000000.0,3.0,2025,,2025,279000000.0,0.043010752688172046
Josh Jacobs,josh jacobs,Raiders,RB,RB,SKILL,11791000.0,11791000.0,10091000.0,1.0,2023,,2023,224800000.0,0.05245106761565836
Travis Etienne,travis etienne,Saints,RB,RB,SKILL,47000000.0,11750000.0,24000000.0,4.0,2026,,2026,301200000.0,0.03901062416998672
Jalen Nailor,jalen nailor,Raiders,WR,WR,SKILL,35030000.0,11676667.0,18000000.0,3.0,2026,,2026,301200000.0,0.03876715471447543
Travis Hunter,travis hunter,Jaguars,WR,WR,SKILL,46649112.0,11662278.0,46649112.0,4.0,2025,,2025,279000000.0,0.041800279569892476
Evan Engram,evan engram,Broncos,TE,TE,SKILL,23000000.0,11500000.0,16500000.0,2.0,2025,,2025,279000000.0,0.04121863799283154
Larry Fitzgerald,larry fitzgerald,Cardinals,WR,WR,SKILL,11500000.0,11500000.0,11000000.0,1.0,2020,,2020,198200000.0,0.058022199798183655
Michael Gallup,michael gallup,Cowboys,WR,WR,SKILL,57500000.0,11500000.0,23000000.0,5.0,2022,,2022,208200000.0,0.05523535062439962
Curtis Samuel,curtis samuel,Commanders,WR,WR,SKILL,34500000.0,11500000.0,21500000.0,3.0,2021,,2021,182500000.0,0.06301369863013699
James Cook,james cook,Bills,RB,RB,SKILL,46000000.0,11500000.0,15280000.0,4.0,2025,,2025,279000000.0,0.04121863799283154
Aaron Jones,aaron jones,Packers,RB,RB,SKILL,23000000.0,11500000.0,8520000.0,2.0,2023,,2023,224800000.0,0.05115658362989324
Doug Baldwin,doug baldwin,Seahawks,WR,WR,SKILL,46000000.0,11500000.0,12000000.0,4.0,2016,,2016,155270000.0,0.07406453274940426
Vincent Jackson,vincent jackson,Chargers,WR,WR,SKILL,11424000.0,11424000.0,11424000.0,1.0,2011,,2011,120000000.0,0.0952
Keenan Allen,keenan allen,Chargers,WR,WR,SKILL,45000000.0,11250000.0,20656000.0,4.0,2016,,2016,155270000.0,0.07245443421137374
Dwayne Bowe,dwayne bowe,Chiefs,WR,WR,SKILL,56000000.0,11200000.0,20000000.0,5.0,2013,,2013,123000000.0,0.0910569105691057
DeSean Jackson,desean jackson,PHI/TB,WR,WR,SKILL,33500000.0,11166667.0,20000000.0,3.0,2017,,2017,167000000.0,0.06686626946107785
Vincent Jackson,vincent jackson,Buccaneers,WR,WR,SKILL,55555555.0,11111111.0,26000000.0,5.0,2012,,2012,120600000.0,0.0921319320066335
Tyrell Williams,tyrell williams,Raiders,WR,WR,SKILL,44400000.0,11100000.0,10000000.0,4.0,2019,,2019,188200000.0,0.0589798087141339
Jeremy Maclin,jeremy maclin,Chiefs,WR,WR,SKILL,55000000.0,11000000.0,22500000.0,5.0,2015,,2015,143280000.0,0.07677275265214964
Kyren Williams,kyren williams,Rams,RB,RB,SKILL,33000000.0,11000000.0,15145000.0,3.0,2025,,2025,279000000.0,0.03942652329749104
Jakobi Meyers,jakobi meyers,JAX/LV,WR,WR,SKILL,33000000.0,11000000.0,16000000.0,3.0,2023,,2023,224800000.0,0.04893238434163701
Allen Lazard,allen lazard,Jets,WR,WR,SKILL,44000000.0,11000000.0,22000000.0,4.0,2023,,2023,224800000.0,0.04893238434163701
Emmanuel Sanders,emmanuel sanders,Broncos,WR,WR,SKILL,33000000.0,11000000.0,20000000.0,3.0,2016,,2016,155270000.0,0.07084433567334321
Larry Fitzgerald,larry fitzgerald,Cardinals,WR,WR,SKILL,11000000.0,11000000.0,0.0,1.0,2016,,2016,155270000.0,0.07084433567334321
Larry Fitzgerald,larry fitzgerald,Cardinals,WR,WR,SKILL,11000000.0,11000000.0,11000000.0,1.0,2019,,2019,188200000.0,0.05844845908607864
Larry Fitzgerald,larry fitzgerald,Cardinals,WR,WR,SKILL,22000000.0,11000000.0,22000000.0,2.0,2015,,2015,143280000.0,0.07677275265214964
Larry Fitzgerald,larry fitzgerald,Cardinals,WR,WR,SKILL,11000000.0,11000000.0,0.0,1.0,2017,,2017,167000000.0,0.0658682634730539
Christian Watson,christian watson,Packers,WR,WR,SKILL,11000000.0,11000000.0,6067078.0,1.0,2025,,2025,279000000.0,0.03942652329749104
Nelson Agholor,nelson agholor,Patriots,WR,WR,SKILL,22000000.0,11000000.0,16000000.0,2.0,2021,,2021,182500000.0,0.06027397260273973
Mike Gesicki,mike gesicki,Dolphins,TE,TE,SKILL,10931000.0,10931000.0,10931000.0,1.0,2022,,2022,208200000.0,0.05250240153698367
Dalton Schultz,dalton schultz,Cowboys,TE,TE,SKILL,10931000.0,10931000.0,10931000.0,1.0,2022,,2022,208200000.0,0.05250240153698367
Steve Smith Sr.,steve smith sr.,Panthers,WR,WR,SKILL,32700000.0,10900000.0,9300000.0,3.0,2007,,2007,109000000.0,0.1
Tyler Boyd,tyler boyd,Bengals,WR,WR,SKILL,43000000.0,10750000.0,9000000.0,4.0,2019,,2019,188200000.0,0.057120085015940486
Will Fuller,will fuller,Dolphins,WR,WR,SKILL,10625011.0,10625011.0,10625011.0,1.0,2021,,2021,182500000.0,0.05821923835616438
Hunter Henry,hunter henry,Chargers,TE,TE,SKILL,10607000.0,10607000.0,10607000.0,1.0,2020,,2020,198200000.0,0.05351664984863774
Tyler Lockett,tyler lockett,Seahawks,WR,WR,SKILL,31800000.0,10600000.0,11000000.0,3.0,2018,,2018,177200000.0,0.05981941309255079
Tavon Austin,tavon austin,Rams,WR,WR,SKILL,42222004.0,10555501.0,17000000.0,4.0,2016,,2016,155270000.0,0.06798158691311908
Zach Ertz,zach ertz,Cardinals,TE,TE,SKILL,31650000.0,10550000.0,14500000.0,3.0,2022,,2022,208200000.0,0.05067243035542748
Austin Hooper,austin hooper,Browns,TE,TE,SKILL,42000000.0,10500000.0,18500000.0,4.0,2020,,2020,198200000.0,0.052976791120080725
Noah Fant,noah fant,Seahawks,TE,TE,SKILL,21000000.0,10500000.0,11490000.0,2.0,2024,,2024,255400000.0,0.04111198120595145
Sterling Shepard,sterling shepard,Giants,WR,WR,SKILL,41000000.0,10250000.0,16210624.0,4.0,2019,,2019,188200000.0,0.05446333687566419
T.J. Hockenson,t.j. hockenson,Vikings,TE,TE,SKILL,10250000.0,10250000.0,10150000.0,1.0,2026,,2026,301200000.0,0.03403054448871182
Juwan Johnson,juwan johnson,Saints,TE,TE,SKILL,30750000.0,10250000.0,21250000.0,3.0,2025,,2025,279000000.0,0.036738351254480286
DeVante Parker,devante parker,NE/MIA,WR,WR,SKILL,30500000.0,10166667.0,14000000.0,3.0,2019,,2019,188200000.0,0.0540205472901169
Tony Pollard,tony pollard,Cowboys,RB,RB,SKILL,10091000.0,10091000.0,10091000.0,1.0,2023,,2023,224800000.0,0.04488879003558719
Saquon Barkley,saquon barkley,Giants,RB,RB,SKILL,10091000.0,10091000.0,10091000.0,1.0,2023,,2023,224800000.0,0.04488879003558719
Allen Hurns,allen hurns,Jaguars,WR,WR,SKILL,40050000.0,10012500.0,16000000.0,4.0,2016,,2016,155270000.0,0.06448444644812262
Tim Patrick,tim patrick,Broncos,WR,WR,SKILL,30000000.0,10000000.0,13004000.0,3.0,2021,,2021,182500000.0,0.0547945205479452
Larry Fitzgerald,larry fitzgerald,Cardinals,WR,WR,SKILL,40000000.0,10000000.0,15000000.0,4.0,2008,,2008,116000000.0,0.08620689655172414
Devin Funchess,devin funchess,Colts,WR,WR,SKILL,10000000.0,10000000.0,7000000.0,1.0,2019,,2019,188200000.0,0.053134962805526036
Randall Cobb,randall cobb,Packers,WR,WR,SKILL,40000000.0,10000000.0,13000000.0,4.0,2015,,2015,143280000.0,0.06979341150195421
Brandon Marshall,brandon marshall,Bears,WR,WR,SKILL,30000000.0,10000000.0,14800000.0,3.0,2014,,2014,133000000.0,0.07518796992481203
Dyami Brown,dyami brown,Jaguars,WR,WR,SKILL,10000000.0,10000000.0,9500000.0,1.0,2025,,2025,279000000.0,0.035842293906810034
Tutu Atwell,tutu atwell,Rams,WR,WR,SKILL,10000000.0,10000000.0,10000000.0,1.0,2025,,2025,279000000.0,0.035842293906810034
Cade Otton,cade otton,Buccaneers,TE,TE,SKILL,30000000.0,10000000.0,20000000.0,3.0,2026,,2026,301200000.0,0.033200531208499334
Jimmy Graham,jimmy graham,NO/SEA,TE,TE,SKILL,40000000.0,10000000.0,13000000.0,4.0,2014,,2014,133000000.0,0.07518796992481203
Jimmy Graham,jimmy graham,Packers,TE,TE,SKILL,30000000.0,10000000.0,11000000.0,3.0,2018,,2018,177200000.0,0.056433408577878104
Josh Palmer,josh palmer,Bills,WR,WR,SKILL,30000000.0,10000000.0,15000000.0,3.0,2025,,2025,279000000.0,0.035842293906810034
Taysom Hill,taysom hill,Saints,TE,TE,SKILL,40000000.0,10000000.0,10100000.0,4.0,2021,,2021,182500000.0,0.0547945205479452
Mike Williams,mike williams,NYJ/PIT,WR,WR,SKILL,10000000.0,10000000.0,8300000.0,1.0,2024,,2024,255400000.0,0.03915426781519186
Dallas Goedert,dallas goedert,Eagles,TE,TE,SKILL,10000000.0,10000000.0,10000000.0,1.0,2025,,2025,279000000.0,0.035842293906810034
Aaron Jones,aaron jones,Vikings,RB,RB,SKILL,20000000.0,10000000.0,11500000.0,2.0,2025,,2025,279000000.0,0.035842293906810034
Brandin Cooks,brandin cooks,Cowboys,WR,WR,SKILL,20000000.0,10000000.0,12000000.0,2.0,2023,,2023,224800000.0,0.04448398576512456
Michael Thomas,michael thomas,Saints,WR,WR,SKILL,10000000.0,10000000.0,6260000.0,1.0,2023,,2023,224800000.0,0.04448398576512456
Russell Gage,russell gage,Buccaneers,WR,WR,SKILL,30000000.0,10000000.0,15000000.0,3.0,2022,,2022,208200000.0,0.04803073967339097
Dawson Knox,dawson knox,Bills,TE,TE,SKILL,20000000.0,10000000.0,10000000.0,2.0,2026,,2026,301200000.0,0.033200531208499334
Robbie Chosen,robbie chosen,Panthers,WR,WR,SKILL,20000000.0,10000000.0,10000000.0,2.0,2020,,2020,198200000.0,0.050454086781029264
D.J. Chark,d.j. chark,Lions,WR,WR,SKILL,10000000.0,10000000.0,10000000.0,1.0,2022,,2022,208200000.0,0.04803073967339097
Marquez Valdes-Scantling,marquez valdes-scantling,Chiefs,WR,WR,SKILL,30000000.0,10000000.0,8560000.0,3.0,2022,,2022,208200000.0,0.04803073967339097
Joe Mixon,joe mixon,Texans,RB,RB,SKILL,19750000.0,9875000.0,13000000.0,2.0,2024,,2024,255400000.0,0.03866483946750196
Dawson Knox,dawson knox,Bills,TE,TE,SKILL,29500000.0,9833333.0,12750000.0,3.0,2024,,2024,255400000.0,0.0385016953797964
Jordy Nelson,jordy nelson,Packers,WR,WR,SKILL,39050000.0,9762500.0,11500000.0,4.0,2014,,2014,133000000.0,0.07340225563909775
DeSean Jackson,desean jackson,Eagles,WR,WR,SKILL,48500000.0,9700000.0,15000000.0,5.0,2012,,2012,120600000.0,0.08043117744610281
Calvin Johnson,calvin johnson,Lions,WR,WR,SKILL,58000000.0,9666667.0,27170800.0,6.0,2007,,2007,109000000.0,0.08868501834862386
Donte Moncrief,donte moncrief,Jaguars,WR,WR,SKILL,9600000.0,9600000.0,9600000.0,1.0,2018,,2018,177200000.0,0.05417607223476298
Marvin Harrison,marvin harrison,Colts,WR,WR,SKILL,67000000.0,9571429.0,6000000.0,7.0,2004,,2004,80582000.0,0.11877874711474026
Wes Welker,wes welker,Patriots,WR,WR,SKILL,9515000.0,9515000.0,9515000.0,1.0,2012,,2012,120600000.0,0.0788971807628524
Dwayne Bowe,dwayne bowe,Chiefs,WR,WR,SKILL,9515000.0,9515000.0,9515000.0,1.0,2012,,2012,120600000.0,0.0788971807628524
Pierre Garcon,pierre garcon,49ers,WR,WR,SKILL,47500000.0,9500000.0,17000000.0,5.0,2017,,2017,167000000.0,0.05688622754491018
Jamison Crowder,jamison crowder,Jets,WR,WR,SKILL,28500000.0,9500000.0,17000000.0,3.0,2019,,2019,188200000.0,0.05047821466524974
James Conner,james conner,Cardinals,RB,RB,SKILL,19000000.0,9500000.0,8250000.0,2.0,2024,,2024,255400000.0,0.03719655442443226
Brandon Marshall,brandon marshall,CHI/MIA,WR,WR,SKILL,47300000.0,9460000.0,12500000.0,5.0,2010,,2010,102000000.0,0.09274509803921568
Golden Tate,golden tate,Giants,WR,WR,SKILL,37500000.0,9375000.0,22950000.0,4.0,2019,,2019,188200000.0,0.04981402763018066
Travis Kelce,travis kelce,Chiefs,TE,TE,SKILL,46842000.0,9368400.0,10517000.0,5.0,2016,,2016,155270000.0,0.060336188574740775
Jordan Reed,jordan reed,Commanders,TE,TE,SKILL,46750000.0,9350000.0,14000000.0,5.0,2016,,2016,155270000.0,0.06021768532234173
Randy Moss,randy moss,Raiders,WR,WR,SKILL,37000000.0,9250000.0,7085000.0,4.0,2005,,2005,85500000.0,0.10818713450292397
Larry Fitzgerald,larry fitzgerald,Cardinals,WR,WR,SKILL,55437500.0,9239583.0,12537500.0,6.0,2004,,2004,80582000.0,0.11466063140651758
Julius Thomas,julius thomas,MIA/JAX,TE,TE,SKILL,46000000.0,9200000.0,21000000.0,5.0,2015,,2015,143280000.0,0.06420993858179788
Javon Walker,javon walker,Raiders,WR,WR,SKILL,55000000.0,9166667.0,11000000.0,6.0,2008,,2008,116000000.0,0.07902299137931035
David Montgomery,david montgomery,DET/HOU,RB,RB,SKILL,18250000.0,9125000.0,5250000.0,2.0,2024,,2024,255400000.0,0.035728269381362567
Randy Moss,randy moss,Vikings,WR,WR,SKILL,63536000.0,9076571.0,10000000.0,7.0,2001,,2001,67405000.0,0.13465723611008085
Kyle Rudolph,kyle rudolph,Vikings,TE,TE,SKILL,36100000.0,9025000.0,9000000.0,4.0,2019,,2019,188200000.0,0.04795430393198725
Miles Austin,miles austin,Cowboys,WR,WR,SKILL,54100000.0,9016667.0,17078000.0,6.0,2010,,2010,102000000.0,0.08839869607843137
LeSean McCoy,lesean mccoy,Eagles,RB,RB,SKILL,45000000.0,9000000.0,20765000.0,5.0,2012,,2012,120600000.0,0.07462686567164178
Rhamondre Stevenson,rhamondre stevenson,Patriots,RB,RB,SKILL,36000000.0,9000000.0,17116000.0,4.0,2024,,2024,255400000.0,0.03523884103367267
Randy Moss,randy moss,TEN/NE/MIN,WR,WR,SKILL,27000000.0,9000000.0,15000000.0,3.0,2008,,2008,116000000.0,0.07758620689655173
Evan Engram,evan engram,Jaguars,TE,TE,SKILL,9000000.0,9000000.0,8250000.0,1.0,2022,,2022,208200000.0,0.043227665706051875
Hunter Henry,hunter henry,Patriots,TE,TE,SKILL,27000000.0,9000000.0,15800000.0,3.0,2024,,2024,255400000.0,0.03523884103367267
Chigoziem Okonkwo,chigoziem okonkwo,Commanders,TE,TE,SKILL,27000000.0,9000000.0,16700000.0,3.0,2026,,2026,301200000.0,0.029880478087649404
Quincy Enunwa,quincy enunwa,Jets,WR,WR,SKILL,36000000.0,9000000.0,9171412.0,4.0,2018,,2018,177200000.0,0.050790067720090294
Santonio Holmes,santonio holmes,Jets,WR,WR,SKILL,45000000.0,9000000.0,16000000.0,5.0,2011,,2011,120000000.0,0.075
Adam Humphries,adam humphries,Titans,WR,WR,SKILL,36000000.0,9000000.0,12000000.0,4.0,2019,,2019,188200000.0,0.04782146652497343
Greg Jennings,greg jennings,Vikings,WR,WR,SKILL,45000000.0,9000000.0,12900000.0,5.0,2013,,2013,123000000.0,0.07317073170731707
John Brown,john brown,Bills,WR,WR,SKILL,27000000.0,9000000.0,10100000.0,3.0,2019,,2019,188200000.0,0.04782146652497343
DeSean Jackson,desean jackson,Eagles,WR,WR,SKILL,27000000.0,9000000.0,13000000.0,3.0,2019,,2019,188200000.0,0.04782146652497343
Randall Cobb,randall cobb,HOU/GB,WR,WR,SKILL,27000000.0,9000000.0,18000000.0,3.0,2020,,2020,198200000.0,0.045408678102926335
Rob Gronkowski,rob gronkowski,TB/NE,TE,TE,SKILL,54000000.0,9000000.0,13170000.0,6.0,2012,,2012,120600000.0,0.07462686567164178
Sammy Watkins,sammy watkins,Chiefs,WR,WR,SKILL,9000000.0,9000000.0,9000000.0,1.0,2020,,2020,198200000.0,0.045408678102926335
Ashton Jeanty,ashton jeanty,Raiders,RB,RB,SKILL,35895812.0,8973953.0,35895812.0,4.0,2025,,2025,279000000.0,0.032164706093189964
Andre Johnson,andre johnson,Texans,WR,WR,SKILL,62700000.0,8957143.0,13000000.0,7.0,2010,,2010,102000000.0,0.0878151274509804
Marvin Harrison Jr.,marvin harrison jr.,Cardinals,WR,WR,SKILL,35374742.0,8843686.0,35374742.0,4.0,2024,,2024,255400000.0,0.03462680501174628
Adam Thielen,adam thielen,Panthers,WR,WR,SKILL,8750000.0,8750000.0,1500000.0,1.0,2025,,2025,279000000.0,0.03136200716845878
Greg Jennings,greg jennings,Packers,WR,WR,SKILL,26250000.0,8750000.0,16250000.0,3.0,2009,,2009,123000000.0,0.07113821138211382
Reggie Bush,reggie bush,Saints,RB,RB,SKILL,52500000.0,8750000.0,20250000.0,6.0,2006,,2006,102000000.0,0.0857843137254902
Arian Foster,arian foster,Texans,RB,RB,SKILL,43500000.0,8700000.0,20750000.0,5.0,2012,,2012,120600000.0,0.07213930348258707
Brandon Marshall,brandon marshall,Jets,WR,WR,SKILL,26000000.0,8666667.0,9000000.0,3.0,2015,,2015,143280000.0,0.0604876256281407
Steven Jackson,steven jackson,Rams,RB,RB,SKILL,43097500.0,8619500.0,20500000.0,5.0,2008,,2008,116000000.0,0.07430603448275862
Victor Cruz,victor cruz,Giants,WR,WR,SKILL,43000000.0,8600000.0,15625000.0,5.0,2013,,2013,123000000.0,0.06991869918699187
DeAngelo Williams,deangelo williams,Panthers,RB,RB,SKILL,43000000.0,8600000.0,21000000.0,5.0,2011,,2011,120000000.0,0.07166666666666667
Greg Olsen,greg olsen,Panthers,TE,TE,SKILL,17100000.0,8550000.0,12115000.0,2.0,2018,,2018,177200000.0,0.048250564334085776
Roddy White,roddy white,Falcons,WR,WR,SKILL,42720000.0,8544000.0,18600000.0,5.0,2009,,2009,123000000.0,0.06946341463414635
JuJu Smith-Schuster,juju smith-schuster,Patriots,WR,WR,SKILL,25500000.0,8500000.0,16000000.0,3.0,2023,,2023,224800000.0,0.037811387900355875
Marqise Lee,marqise lee,Jaguars,WR,WR,SKILL,34000000.0,8500000.0,16500000.0,4.0,2018,,2018,177200000.0,0.04796839729119639
Mike Gesicki,mike gesicki,Bengals,TE,TE,SKILL,25500000.0,8500000.0,6500000.0,3.0,2025,,2025,279000000.0,0.03046594982078853
Pierre Garcon,pierre garcon,Commanders,WR,WR,SKILL,42500000.0,8500000.0,13100000.0,5.0,2012,,2012,120600000.0,0.07048092868988391
Michael Crabtree,michael crabtree,Raiders,WR,WR,SKILL,34000000.0,8500000.0,5500000.0,4.0,2015,,2015,143280000.0,0.05932439977666108
Tyler Higbee,tyler higbee,Rams,TE,TE,SKILL,17000000.0,8500000.0,11075980.0,2.0,2023,,2023,224800000.0,0.037811387900355875
Russell Gage,russell gage,Buccaneers,WR,WR,SKILL,17000000.0,8500000.0,7000000.0,2.0,2023,,2023,224800000.0,0.037811387900355875
Delanie Walker,delanie walker,Titans,TE,TE,SKILL,17000000.0,8500000.0,10570000.0,2.0,2018,,2018,177200000.0,0.04796839729119639
Zach Ertz,zach ertz,ARI/PHI,TE,TE,SKILL,42500000.0,8500000.0,13318527.0,5.0,2016,,2016,155270000.0,0.05474335029303794
Kenyan Drake,kenyan drake,Cardinals,RB,RB,SKILL,8483000.0,8483000.0,8483000.0,1.0,2020,,2020,198200000.0,0.042800201816347125
Santonio Holmes,santonio holmes,Jets,WR,WR,SKILL,25250000.0,8416667.0,7750000.0,3.0,2013,,2013,123000000.0,0.06842818699186992
Antonio Brown,antonio brown,Steelers,WR,WR,SKILL,41960000.0,8392000.0,8500000.0,5.0,2012,,2012,120600000.0,0.06958540630182421
Anquan Boldin,anquan boldin,BAL/SF,WR,WR,SKILL,25000000.0,8333333.0,8000000.0,3.0,2010,,2010,102000000.0,0.0816993431372549
Adam Thielen,adam thielen,Panthers,WR,WR,SKILL,25000000.0,8333333.0,14000000.0,3.0,2023,,2023,224800000.0,0.03706998665480427
Chuba Hubbard,chuba hubbard,Panthers,RB,RB,SKILL,33200000.0,8300000.0,12058000.0,4.0,2024,,2024,255400000.0,0.03249804228660924
Devonta Freeman,devonta freeman,Falcons,RB,RB,SKILL,41250000.0,8250000.0,18297000.0,5.0,2017,,2017,167000000.0,0.04940119760479042
David Montgomery,david montgomery,Texans,RB,RB,SKILL,16500000.0,8250000.0,1000000.0,2.0,2026,,2026,301200000.0,0.027390438247011952
Kyle Pitts,kyle pitts,Falcons,TE,TE,SKILL,32910496.0,8227624.0,32910496.0,4.0,2021,,2021,182500000.0,0.045082871232876714
Sidney Rice,sidney rice,Seahawks,WR,WR,SKILL,41000000.0,8200000.0,15000000.0,5.0,2011,,2011,120000000.0,0.06833333333333333
Clinton Portis,clinton portis,Commanders,RB,RB,SKILL,49165000.0,8194167.0,13000000.0,6.0,2004,,2004,80582000.0,0.1016873123029957
Kenny Britt,kenny britt,Browns,WR,WR,SKILL,32500000.0,8125000.0,10500000.0,4.0,2017,,2017,167000000.0,0.048652694610778445
Charlie Kolar,charlie kolar,Chargers,TE,TE,SKILL,24300000.0,8100000.0,17000000.0,3.0,2026,,2026,301200000.0,0.026892430278884463
Marshall Faulk,marshall faulk,Rams,RB,RB,SKILL,40466500.0,8093300.0,7000000.0,5.0,,,,,
Edgerrin James,edgerrin james,Colts,RB,RB,SKILL,8081000.0,8081000.0,8081000.0,1.0,2005,,2005,85500000.0,0.09451461988304094
Logan Thomas,logan thomas,Commanders,TE,TE,SKILL,24065000.0,8021667.0,8100000.0,3.0,2021,,2021,182500000.0,0.0439543397260274
LeSean McCoy,lesean mccoy,Bills,RB,RB,SKILL,40050000.0,8010000.0,18250000.0,5.0,2015,,2015,143280000.0,0.055904522613065326
LaDainian Tomlinson,ladainian tomlinson,Chargers,RB,RB,SKILL,48000000.0,8000000.0,16540000.0,6.0,2004,,2004,80582000.0,0.09927775433719689
Derrick Henry,derrick henry,Ravens,RB,RB,SKILL,16000000.0,8000000.0,9000000.0,2.0,2024,,2024,255400000.0,0.031323414252153486
Melvin Gordon,melvin gordon,Broncos,RB,RB,SKILL,16000000.0,8000000.0,13500000.0,2.0,2020,,2020,198200000.0,0.04036326942482341
D'Andre Swift,d'andre swift,Bears,RB,RB,SKILL,24000000.0,8000000.0,14000000.0,3.0,2024,,2024,255400000.0,0.031323414252153486
Javonte Williams,javonte williams,Cowboys,RB,RB,SKILL,24000000.0,8000000.0,16000000.0,3.0,2026,,2026,301200000.0,0.02656042496679947
DeMarco Murray,demarco murray,Eagles,RB,RB,SKILL,40000000.0,8000000.0,18000000.0,5.0,2015,,2015,143280000.0,0.05583472920156337
J.K. Dobbins,j.k. dobbins,Broncos,RB,RB,SKILL,16000000.0,8000000.0,0.0,2.0,2026,,2026,301200000.0,0.02656042496679947
Paul Richardson,paul richardson,Commanders,WR,WR,SKILL,40000000.0,8000000.0,12500000.0,5.0,2018,,2018,177200000.0,0.045146726862302484
Kenny Stills,kenny stills,MIA/HOU,WR,WR,SKILL,32000000.0,8000000.0,16950000.0,4.0,2017,,2017,167000000.0,0.04790419161676647
Emmanuel Sanders,emmanuel sanders,Saints,WR,WR,SKILL,16000000.0,8000000.0,10000000.0,2.0,2020,,2020,198200000.0,0.04036326942482341
JuJu Smith-Schuster,juju smith-schuster,Steelers,WR,WR,SKILL,8000000.0,8000000.0,7000000.0,1.0,2021,,2021,182500000.0,0.043835616438356165
T.Y. Hilton,t.y. hilton,Colts,WR,WR,SKILL,8000000.0,8000000.0,8000000.0,1.0,2021,,2021,182500000.0,0.043835616438356165
Albert Wilson,albert wilson,Dolphins,WR,WR,SKILL,24000000.0,8000000.0,14450000.0,3.0,2018,,2018,177200000.0,0.045146726862302484
Curtis Samuel,curtis samuel,Bills,WR,WR,SKILL,24000000.0,8000000.0,14020000.0,3.0,2024,,2024,255400000.0,0.031323414252153486
C.J. Uzomah,c.j. uzomah,Jets,TE,TE,SKILL,24000000.0,8000000.0,15000000.0,3.0,2022,,2022,208200000.0,0.03842459173871278
Marvin Jones,marvin jones,Lions,WR,WR,SKILL,40000000.0,8000000.0,13000000.0,5.0,2016,,2016,155270000.0,0.051523153216976876
Will Dissly,will dissly,Seahawks,TE,TE,SKILL,24000000.0,8000000.0,10340000.0,3.0,2022,,2022,208200000.0,0.03842459173871278
Torrey Smith,torrey smith,49ers,WR,WR,SKILL,40000000.0,8000000.0,8750000.0,5.0,2015,,2015,143280000.0,0.05583472920156337
Trey Burton,trey burton,Bears,TE,TE,SKILL,32000000.0,8000000.0,18000000.0,4.0,2018,,2018,177200000.0,0.045146726862302484
DeSean Jackson,desean jackson,Commanders,WR,WR,SKILL,24000000.0,8000000.0,16000000.0,3.0,2014,,2014,133000000.0,0.06015037593984962
Rob Gronkowski,rob gronkowski,Buccaneers,TE,TE,SKILL,8000000.0,8000000.0,8000000.0,1.0,2021,,2021,182500000.0,0.043835616438356165
Jimmy Graham,jimmy graham,Bears,TE,TE,SKILL,16000000.0,8000000.0,9000000.0,2.0,2020,,2020,198200000.0,0.04036326942482341
Zay Jones,zay jones,Jaguars,WR,WR,SKILL,24000000.0,8000000.0,14000000.0,3.0,2022,,2022,208200000.0,0.03842459173871278
T.J. Houshmandzadeh,t.j. houshmandzadeh,Seahawks,WR,WR,SKILL,40000000.0,8000000.0,14500000.0,5.0,2009,,2009,123000000.0,0.06504065040650407
Javon Walker,javon walker,Broncos,WR,WR,SKILL,39750000.0,7950000.0,1000000.0,5.0,2006,,2006,102000000.0,0.07794117647058824
Mike Williams,mike williams,BUF/TB,WR,WR,SKILL,39620000.0,7924000.0,9400000.0,5.0,2013,,2013,123000000.0,0.06442276422764227
Terrell Davis,terrell davis,Broncos,RB,RB,SKILL,46800000.0,7800000.0,11000000.0,6.0,,,,,
Saquon Barkley,saquon barkley,Giants,RB,RB,SKILL,31194750.0,7798688.0,31194750.0,4.0,2018,,2018,177200000.0,0.0440106546275395
Josh Oliver,josh oliver,Vikings,TE,TE,SKILL,23250000.0,7750000.0,15645000.0,3.0,2025,,2025,279000000.0,0.027777777777777776
Rishard Matthews,rishard matthews,Titans,WR,WR,SKILL,7750000.0,7750000.0,0.0,1.0,2018,,2018,177200000.0,0.04373589164785553
Julian Edelman,julian edelman,Patriots,WR,WR,SKILL,15500000.0,7750000.0,12000000.0,2.0,2019,,2019,188200000.0,0.04117959617428268
Shaun Alexander,shaun alexander,Seahawks,RB,RB,SKILL,61687500.0,7710938.0,13500000.0,8.0,2006,,2006,102000000.0,0.07559743137254903
Ja'Marr Chase,ja'marr chase,Bengals,WR,WR,SKILL,30819642.0,7704911.0,30819642.0,4.0,2021,,2021,182500000.0,0.0422186904109589
Clinton Portis,clinton portis,Commanders,RB,RB,SKILL,46120000.0,7686667.0,15756000.0,6.0,2008,,2008,116000000.0,0.06626437068965517
Darrius Heyward-Bey,darrius heyward-bey,Raiders,WR,WR,SKILL,38250000.0,7650000.0,13310000.0,5.0,2009,,2009,123000000.0,0.06219512195121951
Maurice Jones-Drew,maurice jones-drew,Jaguars,RB,RB,SKILL,30515000.0,7628750.0,9000000.0,4.0,2009,,2009,123000000.0,0.06202235772357723
Robert Woods,robert woods,Texans,WR,WR,SKILL,15250000.0,7625000.0,10000000.0,2.0,2023,,2023,224800000.0,0.03391903914590747
Matt Forte,matt forte,Bears,RB,RB,SKILL,30400000.0,7600000.0,13800000.0,4.0,2012,,2012,120600000.0,0.06301824212271974
Charles Clay,charles clay,Bills,TE,TE,SKILL,38000000.0,7600000.0,24500000.0,5.0,2015,,2015,143280000.0,0.053042992741485204
Darren Waller,darren waller,Raiders,TE,TE,SKILL,30300004.0,7575001.0,3220004.0,4.0,2019,,2019,188200000.0,0.04024973963868225
Edgerrin James,edgerrin james,Cardinals,RB,RB,SKILL,30000000.0,7500000.0,11500000.0,4.0,2006,,2006,102000000.0,0.07352941176470588
Jared Cook,jared cook,Saints,TE,TE,SKILL,15000000.0,7500000.0,8000000.0,2.0,2019,,2019,188200000.0,0.039851222104144525
Steve Smith Sr.,steve smith sr.,Panthers,WR,WR,SKILL,30000000.0,7500000.0,16750000.0,4.0,2012,,2012,120600000.0,0.06218905472636816
Allen Robinson,allen robinson,Steelers,WR,WR,SKILL,15000000.0,7500000.0,5000000.0,2.0,2023,,2023,224800000.0,0.03336298932384341
Greg Olsen,greg olsen,Panthers,TE,TE,SKILL,22500000.0,7500000.0,12000000.0,3.0,2015,,2015,143280000.0,0.052345058626465664
Jordan Cameron,jordan cameron,Dolphins,TE,TE,SKILL,15000000.0,7500000.0,5000000.0,2.0,2015,,2015,143280000.0,0.052345058626465664
Jonnu Smith,jonnu smith,Falcons,TE,TE,SKILL,15000000.0,7500000.0,8500000.0,2.0,2023,,2023,224800000.0,0.03336298932384341
Colby Parkinson,colby parkinson,Rams,TE,TE,SKILL,22500000.0,7500000.0,10250000.0,3.0,2024,,2024,255400000.0,0.029365700861393892
Jahan Dotson,jahan dotson,Falcons,WR,WR,SKILL,15000000.0,7500000.0,10000000.0,2.0,2026,,2026,301200000.0,0.0249003984063745
Marshawn Lynch,marshawn lynch,Seahawks,RB,RB,SKILL,30000000.0,7500000.0,17000000.0,4.0,2012,,2012,120600000.0,0.06218905472636816
Jerick McKinnon,jerick mckinnon,49ers,RB,RB,SKILL,30000000.0,7500000.0,11700000.0,4.0,2018,,2018,177200000.0,0.04232505643340858
Jason Witten,jason witten,Cowboys,TE,TE,SKILL,37000000.0,7400000.0,13532000.0,5.0,2011,,2011,120000000.0,0.06166666666666667
Ryan Grant,ryan grant,Ravens,WR,WR,SKILL,29000000.0,7375000.0,0.0,4.0,2018,,2018,177200000.0,0.0416196388261851
Cedrick Wilson Jr.,cedrick wilson jr.,Dolphins,WR,WR,SKILL,22050000.0,7350000.0,12750000.0,3.0,2022,,2022,208200000.0,0.035302593659942365
Vernon Davis,vernon davis,SF/DEN,TE,TE,SKILL,36750000.0,7350000.0,10000000.0,5.0,2010,,2010,102000000.0,0.07205882352941176
Dwayne Allen,dwayne allen,NE/IND,TE,TE,SKILL,29400000.0,7350000.0,11500000.0,4.0,2016,,2016,155270000.0,0.047336897018097505
Andre Johnson,andre johnson,Texans,WR,WR,SKILL,44050000.0,7341667.0,15000000.0,6.0,2007,,2007,109000000.0,0.06735474311926605
Malik Nabers,malik nabers,Giants,WR,WR,SKILL,29207750.0,7301938.0,29207750.0,4.0,2024,,2024,255400000.0,0.028590203602192638
Kyle Rudolph,kyle rudolph,Vikings,TE,TE,SKILL,36500000.0,7300000.0,12640000.0,5.0,2014,,2014,133000000.0,0.05488721804511278
Jonathan Stewart,jonathan stewart,Panthers,RB,RB,SKILL,36500000.0,7300000.0,11500000.0,5.0,2012,,2012,120600000.0,0.06053067993366501
Darren Sproles,darren sproles,Chargers,RB,RB,SKILL,7283100.0,7283100.0,7283100.0,1.0,2010,,2010,102000000.0,0.07140294117647059
Marques Colston,marques colston,Saints,WR,WR,SKILL,36300000.0,7260000.0,11200000.0,5.0,2012,,2012,120600000.0,0.06019900497512438
Cole Beasley,cole beasley,Bills,WR,WR,SKILL,29000000.0,7250000.0,10700000.0,4.0,2019,,2019,188200000.0,0.03852284803400638
Eric Decker,eric decker,Jets,WR,WR,SKILL,36250000.0,7250000.0,15000000.0,5.0,2014,,2014,133000000.0,0.05451127819548872
Hayden Hurst,hayden hurst,Panthers,TE,TE,SKILL,21750000.0,7250000.0,13000000.0,3.0,2023,,2023,224800000.0,0.0322508896797153
Tyler Higbee,tyler higbee,Rams,TE,TE,SKILL,29000000.0,7250000.0,10025000.0,4.0,2019,,2019,188200000.0,0.03852284803400638
C.J. Fiedorowicz,c.j. fiedorowicz,Texans,TE,TE,SKILL,21750000.0,7250000.0,10097000.0,3.0,2017,,2017,167000000.0,0.04341317365269461
Steve Johnson,steve johnson,BUF/SF,WR,WR,SKILL,36250000.0,7250000.0,11000000.0,5.0,2012,,2012,120600000.0,0.06011608623548922
Tony Pollard,tony pollard,Titans,RB,RB,SKILL,21750000.0,7250000.0,10490000.0,3.0,2024,,2024,255400000.0,0.028386844166014096
Antonio Gates,antonio gates,Chargers,TE,TE,SKILL,36175000.0,7235000.0,8800000.0,6.0,2010,,2010,102000000.0,0.07093137254901961
Coby Fleener,coby fleener,Saints,TE,TE,SKILL,36000000.0,7200000.0,14600000.0,5.0,2016,,2016,155270000.0,0.04637083789527919
Victor Cruz,victor cruz,Giants,WR,WR,SKILL,21500000.0,7166667.0,2400000.0,3.0,2016,,2016,155270000.0,0.046156160237006506
Doug Martin,doug martin,Buccaneers,RB,RB,SKILL,35750000.0,7150000.0,15000000.0,5.0,2016,,2016,155270000.0,0.046048818187673084
Jordy Nelson,jordy nelson,Raiders,WR,WR,SKILL,14200000.0,7100000.0,10000000.0,2.0,2018,,2018,177200000.0,0.040067720090293454
Jack Doyle,jack doyle,Colts,TE,TE,SKILL,21300000.0,7100000.0,10250000.0,3.0,2019,,2019,188200000.0,0.03772582359192349
Jared Cook,jared cook,Rams,TE,TE,SKILL,35100000.0,7020000.0,19000000.0,5.0,2013,,2013,123000000.0,0.05707317073170732
Darren McFadden,darren mcfadden,Raiders,RB,RB,SKILL,42013750.0,7002292.0,19687500.0,6.0,2008,,2008,116000000.0,0.06036458620689655
Leonard Fournette,leonard fournette,Buccaneers,RB,RB,SKILL,21000000.0,7000000.0,9000000.0,3.0,2022,,2022,208200000.0,0.03362151777137368
Ray Rice,ray rice,Ravens,RB,RB,SKILL,35000000.0,7000000.0,16000000.0,5.0,2012,,2012,120600000.0,0.05804311774461028
Aaron Jones,aaron jones,Vikings,RB,RB,SKILL,7000000.0,7000000.0,7000000.0,1.0,2024,,2024,255400000.0,0.0274079874706343
Jamaal Charles,jamaal charles,Chiefs,RB,RB,SKILL,28000000.0,7000000.0,2950000.0,4.0,2014,,2014,133000000.0,0.05263157894736842
Dalvin Cook,dalvin cook,Jets,RB,RB,SKILL,7000000.0,7000000.0,5800000.0,1.0,2023,,2023,224800000.0,0.03113879003558719
Daniel Bellinger,daniel bellinger,Titans,TE,TE,SKILL,21000000.0,7000000.0,14010000.0,3.0,2026,,2026,301200000.0,0.023240371845949535
Tony Gonzalez,tony gonzalez,Falcons,TE,TE,SKILL,14000000.0,7000000.0,3500000.0,2.0,2013,,2013,123000000.0,0.056910569105691054
Dallas Goedert,dallas goedert,Eagles,TE,TE,SKILL,7000000.0,7000000.0,7000000.0,1.0,2026,,2026,301200000.0,0.023240371845949535
Andre Johnson,andre johnson,Colts,WR,WR,SKILL,21000000.0,7000000.0,10000000.0,3.0,2015,,2015,143280000.0,0.04885538805136795
John Bates,john bates,Commanders,TE,TE,SKILL,21000000.0,7000000.0,11520000.0,3.0,2025,,2025,279000000.0,0.025089605734767026
James Conner,james conner,Cardinals,RB,RB,SKILL,21000000.0,7000000.0,13500000.0,3.0,2022,,2022,208200000.0,0.03362151777137368
Jermichael Finley,jermichael finley,Packers,TE,TE,SKILL,14000000.0,7000000.0,5450000.0,2.0,2012,,2012,120600000.0,0.05804311774461028
Tavon Austin,tavon austin,LAR/DAL,WR,WR,SKILL,7000000.0,7000000.0,5000000.0,1.0,2018,,2018,177200000.0,0.039503386004514675
Greg Olsen,greg olsen,Seahawks,TE,TE,SKILL,7000000.0,7000000.0,5500000.0,1.0,2020,,2020,198200000.0,0.035317860746720484
Kenneth Gainwell,kenneth gainwell,Buccaneers,RB,RB,SKILL,14000000.0,7000000.0,9830000.0,2.0,2026,,2026,301200000.0,0.023240371845949535
Josh Oliver,josh oliver,Vikings,TE,TE,SKILL,21000000.0,7000000.0,8200000.0,3.0,2023,,2023,224800000.0,0.03113879003558719
Marquise Brown,marquise brown,Chiefs,WR,WR,SKILL,7000000.0,7000000.0,6500000.0,1.0,2024,,2024,255400000.0,0.0274079874706343
Jermaine Gresham,jermaine gresham,Cardinals,TE,TE,SKILL,28000000.0,7000000.0,13000000.0,4.0,2017,,2017,167000000.0,0.041916167664670656
Marquise Brown,marquise brown,Chiefs,WR,WR,SKILL,7000000.0,7000000.0,6500000.0,1.0,2025,,2025,279000000.0,0.025089605734767026
Martellus Bennett,martellus bennett,GB/NE,TE,TE,SKILL,21000000.0,7000000.0,6300000.0,3.0,2017,,2017,167000000.0,0.041916167664670656
Michael Crabtree,michael crabtree,Ravens,WR,WR,SKILL,21000000.0,7000000.0,8000000.0,3.0,2018,,2018,177200000.0,0.039503386004514675
Tetairoa McMillan,tetairoa mcmillan,Panthers,WR,WR,SKILL,27930390.0,6982598.0,27930390.0,4.0,2025,,2025,279000000.0,0.025027232974910395
Tony Gonzalez,tony gonzalez,Falcons,TE,TE,SKILL,6900000.0,6900000.0,2000000.0,1.0,2011,,2011,120000000.0,0.0575
Frank Gore,frank gore,49ers,RB,RB,SKILL,27577000.0,6894250.0,13662000.0,4.0,2007,,2007,109000000.0,0.06325
Priest Holmes,priest holmes,Chiefs,RB,RB,SKILL,27550000.0,6887500.0,8525000.0,4.0,2003,,2003,75007000.0,0.09182476302211794
Cameron Brate,cameron brate,Buccaneers,TE,TE,SKILL,40800000.0,6800000.0,7000000.0,6.0,2018,,2018,177200000.0,0.03837471783295711
Marcedes Lewis,marcedes lewis,Jaguars,TE,TE,SKILL,34000000.0,6800000.0,11650000.0,5.0,2011,,2011,120000000.0,0.056666666666666664
Robert Woods,robert woods,Rams,WR,WR,SKILL,34000000.0,6800000.0,10000000.0,5.0,2017,,2017,167000000.0,0.0407185628742515
Zach Miller,zach miller,Seahawks,TE,TE,SKILL,34000000.0,6800000.0,13000000.0,5.0,2011,,2011,120000000.0,0.056666666666666664
Leonard Fournette,leonard fournette,Jaguars,RB,RB,SKILL,27150882.0,6786894.0,27150882.0,4.0,2017,,2017,167000000.0,0.040640083832335326
Jaylen Waddle,jaylen waddle,Dolphins,WR,WR,SKILL,27085996.0,6771499.0,27085996.0,4.0,2021,,2021,182500000.0,0.03710410410958904
Tyler Conklin,tyler conklin,Jets,TE,TE,SKILL,20250000.0,6750000.0,10000000.0,3.0,2022,,2022,208200000.0,0.032420749279538905
Heath Miller,heath miller,Steelers,TE,TE,SKILL,33750000.0,6750000.0,5750000.0,5.0,2009,,2009,123000000.0,0.054878048780487805
Delanie Walker,delanie walker,Titans,TE,TE,SKILL,13375000.0,6687500.0,6700000.0,2.0,2016,,2016,155270000.0,0.04307013589231661
Marquise Goodwin,marquise goodwin,Eagles,WR,WR,SKILL,20000000.0,6666667.0,6450000.0,3.0,2018,,2018,177200000.0,0.03762227426636569
Colston Loveland,colston loveland,Bears,TE,TE,SKILL,26636008.0,6659002.0,26636008.0,4.0,2025,,2025,279000000.0,0.023867390681003586
Kellen Winslow,kellen winslow,TB/SEA,TE,TE,SKILL,26550000.0,6637500.0,11891000.0,4.0,2009,,2009,123000000.0,0.05396341463414634
Marshall Faulk,marshall faulk,Rams,RB,RB,SKILL,39800000.0,6633333.0,12000000.0,6.0,2002,,2002,71101000.0,0.09329451062572959
Darren Sproles,darren sproles,Chargers,RB,RB,SKILL,6621000.0,6621000.0,6621000.0,1.0,2009,,2009,123000000.0,0.053829268292682926
Barry Sanders,barry sanders,Lions,RB,RB,SKILL,32700000.0,6540000.0,11000000.0,5.0,,,,,
Lamar Miller,lamar miller,Texans,RB,RB,SKILL,26000000.0,6500000.0,14000000.0,4.0,2016,,2016,155270000.0,0.04186256198879371
Kendrick Bourne,kendrick bourne,Patriots,WR,WR,SKILL,19500000.0,6500000.0,5500000.0,3.0,2024,,2024,255400000.0,0.025450274079874706
Mohamed Sanu,mohamed sanu,ATL/NE,WR,WR,SKILL,32500000.0,6500000.0,14000000.0,5.0,2016,,2016,155270000.0,0.04186256198879371
Dwayne Bowe,dwayne bowe,Browns,WR,WR,SKILL,13000000.0,6500000.0,9000000.0,2.0,2015,,2015,143280000.0,0.04536571747627024
Taylor Gabriel,taylor gabriel,Bears,WR,WR,SKILL,26000000.0,6500000.0,14000000.0,4.0,2018,,2018,177200000.0,0.03668171557562077
Nick Boyle,nick boyle,Ravens,TE,TE,SKILL,13000000.0,6500000.0,10500000.0,2.0,2021,,2021,182500000.0,0.03561643835616438
Tiki Barber,tiki barber,Giants,RB,RB,SKILL,11000000.0,6500000.0,4000000.0,2.0,2005,,2005,85500000.0,0.07602339181286549
Brandin Cooks,brandin cooks,Saints,WR,WR,SKILL,13000000.0,6500000.0,7750000.0,2.0,2025,,2025,279000000.0,0.023297491039426525
Breshad Perriman,breshad perriman,Jets,WR,WR,SKILL,6500000.0,6500000.0,6000000.0,1.0,2020,,2020,198200000.0,0.03279515640766902
Jason Witten,jason witten,Cowboys,TE,TE,SKILL,26000000.0,6500000.0,0.0,4.0,2017,,2017,167000000.0,0.038922155688622756
Reggie Wayne,reggie wayne,Colts,WR,WR,SKILL,39000000.0,6500000.0,12500000.0,6.0,2006,,2006,102000000.0,0.06372549019607843
Eric Ebron,eric ebron,Colts,TE,TE,SKILL,13000000.0,6500000.0,6000000.0,2.0,2018,,2018,177200000.0,0.03668171557562077
Vance McDonald,vance mcdonald,PIT/SF,TE,TE,SKILL,32500000.0,6500000.0,9100000.0,5.0,2016,,2016,155270000.0,0.04186256198879371
Andre Johnson,andre johnson,Texans,WR,WR,SKILL,38960000.0,6493333.0,9000000.0,6.0,2003,,2003,75007000.0,0.08656969349527377
Rashod Bateman,rashod bateman,Ravens,WR,WR,SKILL,12871897.0,6435949.0,4500000.0,2.0,2024,,2024,255400000.0,0.02519948707909162
Dennis Pitta,dennis pitta,Ravens,TE,TE,SKILL,32000000.0,6400000.0,16000000.0,5.0,2014,,2014,133000000.0,0.0481203007518797
Chris Ivory,chris ivory,Jaguars,RB,RB,SKILL,32000000.0,6400000.0,10000000.0,5.0,2016,,2016,155270000.0,0.0412185225735815
DeMarco Murray,demarco murray,Titans,RB,RB,SKILL,25500000.0,6375000.0,9000000.0,4.0,2016,,2016,155270000.0,0.04105751271977845
Miles Sanders,miles sanders,Panthers,RB,RB,SKILL,25400000.0,6350000.0,13000000.0,4.0,2023,,2023,224800000.0,0.028247330960854092
Corey Davis,corey davis,Titans,WR,WR,SKILL,25394750.0,6348688.0,25394750.0,4.0,2017,,2017,167000000.0,0.038016095808383235
Shaun Alexander,shaun alexander,Seahawks,RB,RB,SKILL,6323000.0,6323000.0,6323000.0,1.0,2005,,2005,85500000.0,0.073953216374269
Rudi Johnson,rudi johnson,Bengals,RB,RB,SKILL,6323000.0,6323000.0,6323000.0,1.0,2005,,2005,85500000.0,0.073953216374269
Jack Doyle,jack doyle,Colts,TE,TE,SKILL,18900000.0,6300000.0,7500000.0,3.0,2017,,2017,167000000.0,0.03772455089820359
Frank Gore,frank gore,49ers,RB,RB,SKILL,18900000.0,6300000.0,0.0,3.0,2011,,2011,120000000.0,0.0525
Dalton Schultz,dalton schultz,Texans,TE,TE,SKILL,6250000.0,6250000.0,6000000.0,1.0,2023,,2023,224800000.0,0.027802491103202848
Zach Ertz,zach ertz,Commanders,TE,TE,SKILL,6250000.0,6250000.0,5590000.0,1.0,2025,,2025,279000000.0,0.022401433691756272
Tony Gonzalez,tony gonzalez,ATL/KC,TE,TE,SKILL,31250000.0,6250000.0,16000000.0,5.0,2007,,2007,109000000.0,0.05733944954128441
Marvin Jones,marvin jones,Jaguars,WR,WR,SKILL,12500000.0,6250000.0,9000000.0,2.0,2021,,2021,182500000.0,0.03424657534246575
Tyler Kroft,tyler kroft,Bills,TE,TE,SKILL,18750000.0,6250000.0,6300000.0,3.0,2019,,2019,188200000.0,0.03320935175345377
Ezekiel Elliott,ezekiel elliott,Cowboys,RB,RB,SKILL,24956338.0,6239085.0,24956338.0,4.0,2016,,2016,155270000.0,0.040182166548592774
Nyheim Miller-Hines,nyheim miller-hines,IND/BUF,RB,RB,SKILL,18600000.0,6200000.0,10300000.0,3.0,2021,,2021,182500000.0,0.03397260273972603
Darius Slayton,darius slayton,Giants,WR,WR,SKILL,6200000.0,6200000.0,0.0,1.0,2024,,2024,255400000.0,0.02427564604541895
Golden Tate,golden tate,DET/PHI,WR,WR,SKILL,31000000.0,6200000.0,10500000.0,5.0,2014,,2014,133000000.0,0.04661654135338346
Brian Hartline,brian hartline,Dolphins,WR,WR,SKILL,30775000.0,6155000.0,12500000.0,5.0,2013,,2013,123000000.0,0.050040650406504066
Rico Dowdle,rico dowdle,Steelers,RB,RB,SKILL,12250000.0,6125000.0,5000000.0,2.0,2026,,2026,301200000.0,0.020335325365205843
Tyler Allgeier,tyler allgeier,Cardinals,RB,RB,SKILL,12250000.0,6125000.0,8000000.0,2.0,2026,,2026,301200000.0,0.020335325365205843
Austin Ekeler,austin ekeler,Chargers,RB,RB,SKILL,24500000.0,6125000.0,13750000.0,4.0,2020,,2020,198200000.0,0.030903128153380425
Marvin Harrison,marvin harrison,Colts,WR,WR,SKILL,24480000.0,6120000.0,11500000.0,4.0,2000,,2000,62172000.0,0.09843659525188188
Braylon Edwards,braylon edwards,Jets,WR,WR,SKILL,6105000.0,6105000.0,1000000.0,1.0,2010,,2010,102000000.0,0.05985294117647059
Julius Thomas,julius thomas,Dolphins,TE,TE,SKILL,12200000.0,6100000.0,3000000.0,2.0,2017,,2017,167000000.0,0.03652694610778443
C.J. Uzomah,c.j. uzomah,Bengals,TE,TE,SKILL,18300000.0,6100000.0,6250000.0,3.0,2019,,2019,188200000.0,0.032412327311370885
Chase Edmonds,chase edmonds,DEN/MIA,RB,RB,SKILL,12100000.0,6050000.0,6100000.0,2.0,2022,,2022,208200000.0,0.029058597502401536
Cameron Brate,cameron brate,Buccaneers,TE,TE,SKILL,18050000.0,6016667.0,3750000.0,3.0,2021,,2021,182500000.0,0.03296803835616438
Juwan Johnson,juwan johnson,Saints,TE,TE,SKILL,12010000.0,6005000.0,8510000.0,2.0,2023,,2023,224800000.0,0.026712633451957294
Rod Smith,rod smith,Broncos,WR,WR,SKILL,24012970.0,6003243.0,1500000.0,4.0,2005,,2005,85500000.0,0.07021336842105264
Emmanuel Sanders,emmanuel sanders,Bills,WR,WR,SKILL,6000000.0,6000000.0,5900000.0,1.0,2021,,2021,182500000.0,0.03287671232876712
A.J. Green,a.j. green,Cardinals,WR,WR,SKILL,6000000.0,6000000.0,6000000.0,1.0,2021,,2021,182500000.0,0.03287671232876712
Travis Benjamin,travis benjamin,Chargers,WR,WR,SKILL,24000000.0,6000000.0,13000000.0,4.0,2016,,2016,155270000.0,0.03864236491273266
Jordan Cameron,jordan cameron,Dolphins,TE,TE,SKILL,6000000.0,6000000.0,5000000.0,1.0,2016,,2016,155270000.0,0.03864236491273266
Kareem Hunt,kareem hunt,Browns,RB,RB,SKILL,12000000.0,6000000.0,5509000.0,2.0,2020,,2020,198200000.0,0.030272452068617558
Darius Slayton,darius slayton,Giants,WR,WR,SKILL,12000000.0,6000000.0,4900000.0,2.0,2023,,2023,224800000.0,0.026690391459074734
Daniel Graham,daniel graham,Broncos,TE,TE,SKILL,30000000.0,6000000.0,15000000.0,5.0,2007,,2007,109000000.0,0.05504587155963303
Nick Boyle,nick boyle,Ravens,TE,TE,SKILL,18000000.0,6000000.0,10000000.0,3.0,2019,,2019,188200000.0,0.031880977683315624
Gerald Everett,gerald everett,Chargers,TE,TE,SKILL,12000000.0,6000000.0,8000000.0,2.0,2022,,2022,208200000.0,0.02881844380403458
Dion Sims,dion sims,Bears,TE,TE,SKILL,18000000.0,6000000.0,6000000.0,3.0,2017,,2017,167000000.0,0.03592814371257485
Terrelle Pryor,terrelle pryor,Commanders,WR,WR,SKILL,6000000.0,6000000.0,6000000.0,1.0,2017,,2017,167000000.0,0.03592814371257485
Danny Amendola,danny amendola,Dolphins,WR,WR,SKILL,12000000.0,6000000.0,5950000.0,2.0,2018,,2018,177200000.0,0.033860045146726865
Austin Hooper,austin hooper,Titans,TE,TE,SKILL,6000000.0,6000000.0,6000000.0,1.0,2022,,2022,208200000.0,0.02881844380403458
Joey Galloway,joey galloway,Cowboys,WR,WR,SKILL,42000000.0,6000000.0,12500000.0,7.0,2000,,2000,62172000.0,0.09650646593321753
Gerald Everett,gerald everett,Bears,TE,TE,SKILL,12000000.0,6000000.0,6060000.0,2.0,2024,,2024,255400000.0,0.023492560689115115
Jerry Rice,jerry rice,49ers,WR,WR,SKILL,36000000.0,6000000.0,4000000.0,6.0,,,,,
Wes Welker,wes welker,Broncos,WR,WR,SKILL,12000000.0,6000000.0,6000000.0,2.0,2013,,2013,123000000.0,0.04878048780487805
Curtis Martin,curtis martin,Jets,RB,RB,SKILL,36000000.0,6000000.0,8000000.0,6.0,,,,,
Julio Jones,julio jones,Buccaneers,WR,WR,SKILL,6000000.0,6000000.0,6000000.0,1.0,2022,,2022,208200000.0,0.02881844380403458
Braxton Berrios,braxton berrios,Jets,WR,WR,SKILL,12000000.0,6000000.0,7000000.0,2.0,2022,,2022,208200000.0,0.02881844380403458
Kyle Rudolph,kyle rudolph,Giants,TE,TE,SKILL,12000000.0,6000000.0,4500000.0,2.0,2021,,2021,182500000.0,0.03287671232876712
Gerald Everett,gerald everett,Seahawks,TE,TE,SKILL,6000000.0,6000000.0,6000000.0,1.0,2021,,2021,182500000.0,0.03287671232876712
David Montgomery,david montgomery,Lions,RB,RB,SKILL,18000000.0,6000000.0,8750000.0,3.0,2023,,2023,224800000.0,0.026690391459074734
Anquan Boldin,anquan boldin,49ers,WR,WR,SKILL,12000000.0,6000000.0,5500000.0,2.0,2014,,2014,133000000.0,0.045112781954887216
Roddy White,roddy white,Falcons,WR,WR,SKILL,18000000.0,6000000.0,7550000.0,3.0,2014,,2014,133000000.0,0.045112781954887216
Percy Harvin,percy harvin,Bills,WR,WR,SKILL,6000000.0,6000000.0,5900000.0,1.0,2015,,2015,143280000.0,0.04187604690117253
Noah Gray,noah gray,Chiefs,TE,TE,SKILL,18000000.0,6000000.0,10016000.0,3.0,2024,,2024,255400000.0,0.023492560689115115
Willie Snead,willie snead,Ravens,WR,WR,SKILL,6000000.0,6000000.0,6000000.0,1.0,2019,,2019,188200000.0,0.031880977683315624
Eric Ebron,eric ebron,Steelers,TE,TE,SKILL,12000000.0,6000000.0,5000000.0,2.0,2020,,2020,198200000.0,0.030272452068617558
A.J. Green,a.j. green,Bengals,WR,WR,SKILL,29864100.0,5972820.0,19688098.0,5.0,2011,,2011,120000000.0,0.0497735
LaDainian Tomlinson,ladainian tomlinson,Chargers,RB,RB,SKILL,17875000.0,5958333.0,7725000.0,3.0,2009,,2009,123000000.0,0.048441731707317075
Jaylen Warren,jaylen warren,Steelers,RB,RB,SKILL,11904000.0,5952000.0,11765000.0,2.0,2025,,2025,279000000.0,0.021333333333333333
Jauan Jennings,jauan jennings,49ers,WR,WR,SKILL,11890000.0,5945000.0,8435000.0,2.0,2024,,2024,255400000.0,0.02327721221613156
Rod Smith,rod smith,Broncos,WR,WR,SKILL,41591270.0,5941610.0,11000000.0,7.0,2002,,2002,71101000.0,0.0835657726332963
Chad Johnson,chad johnson,Bengals,WR,WR,SKILL,35500000.0,5916667.0,5000000.0,6.0,2006,,2006,102000000.0,0.05800653921568628
Eddie George,eddie george,Titans,RB,RB,SKILL,41250010.0,5892859.0,10750010.0,,2000,,2000,62172000.0,0.09478316605545904
Mo Alie-Cox,mo alie-cox,Colts,TE,TE,SKILL,17550000.0,5850000.0,8200000.0,3.0,2022,,2022,208200000.0,0.028097982708933718
Reggie Wayne,reggie wayne,Colts,WR,WR,SKILL,17500000.0,5833333.0,7500000.0,3.0,2012,,2012,120600000.0,0.048369262023217244
Emmitt Smith,emmitt smith,Cowboys,RB,RB,SKILL,40500000.0,5785714.0,10500000.0,7.0,,,,,
Rashaad Penny,rashaad penny,Seahawks,RB,RB,SKILL,5750000.0,5750000.0,5070000.0,1.0,2022,,2022,208200000.0,0.02761767531219981
Josh Morgan,josh morgan,Commanders,WR,WR,SKILL,11500000.0,5750000.0,7300000.0,2.0,2012,,2012,120600000.0,0.04767827529021559
Joe Mixon,joe mixon,CIN/HOU,RB,RB,SKILL,11500000.0,5750000.0,4128000.0,2.0,2023,,2023,224800000.0,0.02557829181494662
Tarik Cohen,tarik cohen,Bears,RB,RB,SKILL,17250000.0,5750000.0,9533000.0,3.0,2020,,2020,198200000.0,0.029011099899091827
Mike Wallace,mike wallace,Ravens,WR,WR,SKILL,11500000.0,5750000.0,4500000.0,2.0,2016,,2016,155270000.0,0.03703226637470213
Michael Turner,michael turner,Falcons,RB,RB,SKILL,34500000.0,5750000.0,15000000.0,6.0,2008,,2008,116000000.0,0.04956896551724138
Willis McGahee,willis mcgahee,Ravens,RB,RB,SKILL,40120000.0,5731429.0,7500000.0,7.0,2007,,2007,109000000.0,0.052581917431192664
Danny Amendola,danny amendola,Patriots,WR,WR,SKILL,28500000.0,5700000.0,8000000.0,5.0,2013,,2013,123000000.0,0.046341463414634146
Greg Olsen,greg olsen,Panthers,TE,TE,SKILL,22800000.0,5700000.0,2500000.0,4.0,2011,,2011,120000000.0,0.0475
Rome Odunze,rome odunze,Bears,WR,WR,SKILL,22724500.0,5681125.0,22724500.0,4.0,2024,,2024,255400000.0,0.022244028974158184
Adam Trautman,adam trautman,Broncos,TE,TE,SKILL,17000000.0,5666667.0,9500000.0,3.0,2026,,2026,301200000.0,0.01881363545816733
Amari Cooper,amari cooper,LV/DAL,WR,WR,SKILL,22663120.0,5665780.0,22663120.0,4.0,2015,,2015,143280000.0,0.039543411501954215
Anquan Boldin,anquan boldin,Cardinals,WR,WR,SKILL,22660000.0,5665000.0,5000000.0,4.0,2005,,2005,85500000.0,0.06625730994152047
Jesse James,jesse james,Lions,TE,TE,SKILL,22600000.0,5650000.0,10500000.0,4.0,2019,,2019,188200000.0,0.03002125398512221
Ian Thomas,ian thomas,Panthers,TE,TE,SKILL,16950000.0,5650000.0,8000000.0,3.0,2022,,2022,208200000.0,0.027137367915465897
Braylon Edwards,braylon edwards,CLE/NYJ,WR,WR,SKILL,28200000.0,5640000.0,6500000.0,5.0,2005,,2005,85500000.0,0.06596491228070175
Donald Driver,donald driver,Packers,WR,WR,SKILL,22250000.0,5562500.0,0.0,4.0,2007,,2007,109000000.0,0.05103211009174312
Aaron Jones,aaron jones,Vikings,RB,RB,SKILL,5560000.0,5560000.0,5000000.0,1.0,2026,,2026,301200000.0,0.01845949535192563
Devin Hester,devin hester,Bears,WR,WR,SKILL,22003523.0,5500881.0,5000000.0,4.0,2008,,2008,116000000.0,0.04742138793103448
Allen Hurns,allen hurns,Cowboys,WR,WR,SKILL,11000000.0,5500000.0,2500000.0,2.0,2018,,2018,177200000.0,0.031038374717832957
Jamison Crowder,jamison crowder,Jets,WR,WR,SKILL,5500000.0,5500000.0,4500000.0,1.0,2021,,2021,182500000.0,0.030136986301369864
Tyquan Thornton,tyquan thornton,Chiefs,WR,WR,SKILL,11000000.0,5500000.0,7400000.0,2.0,2026,,2026,301200000.0,0.018260292164674636
Todd Gurley,todd gurley,Falcons,RB,RB,SKILL,5500000.0,5500000.0,5500000.0,1.0,2020,,2020,198200000.0,0.027749747729566093
Hines Ward,hines ward,Steelers,WR,WR,SKILL,27500000.0,5500000.0,5000000.0,5.0,2005,,2005,85500000.0,0.06432748538011696
Keelan Cole,keelan cole,Jets,WR,WR,SKILL,5500000.0,5500000.0,5000000.0,1.0,2021,,2021,182500000.0,0.030136986301369864
Tyler Eifert,tyler eifert,Bengals,TE,TE,SKILL,5500000.0,5500000.0,3000000.0,1.0,2018,,2018,177200000.0,0.031038374717832957
Jeremy Maclin,jeremy maclin,Eagles,WR,WR,SKILL,5500000.0,5500000.0,3500000.0,1.0,2014,,2014,133000000.0,0.041353383458646614
Devin Singletary,devin singletary,Giants,RB,RB,SKILL,16500000.0,5500000.0,9500000.0,3.0,2024,,2024,255400000.0,0.02153484729835552
Julian Edelman,julian edelman,Patriots,WR,WR,SKILL,11000000.0,5500000.0,7000000.0,2.0,2017,,2017,167000000.0,0.03293413173652695
Jeremy Maclin,jeremy maclin,Ravens,WR,WR,SKILL,11000000.0,5500000.0,6000000.0,2.0,2017,,2017,167000000.0,0.03293413173652695
Antonio Gates,antonio gates,Chargers,TE,TE,SKILL,11000000.0,5500000.0,6000000.0,2.0,2016,,2016,155270000.0,0.035422167836671604
Kenyan Drake,kenyan drake,Raiders,RB,RB,SKILL,11000000.0,5500000.0,8500000.0,2.0,2021,,2021,182500000.0,0.030136986301369864
Brandon Marshall,brandon marshall,Giants,WR,WR,SKILL,11000000.0,5500000.0,5000000.0,2.0,2017,,2017,167000000.0,0.03293413173652695
Markus Wheaton,markus wheaton,Bears,WR,WR,SKILL,11000000.0,5500000.0,6000000.0,2.0,2017,,2017,167000000.0,0.03293413173652695
Blake Jarwin,blake jarwin,Cowboys,TE,TE,SKILL,22000000.0,5500000.0,6250000.0,4.0,2020,,2020,198200000.0,0.027749747729566093
Owen Daniels,owen daniels,Texans,TE,TE,SKILL,22000000.0,5500000.0,6000000.0,4.0,2011,,2011,120000000.0,0.04583333333333333
Bijan Robinson,bijan robinson,Falcons,RB,RB,SKILL,21958544.0,5489636.0,21958544.0,4.0,2023,,2023,224800000.0,0.02442008896797153
Dwayne Allen,dwayne allen,Patriots,TE,TE,SKILL,10900000.0,5450000.0,0.0,2.0,2018,,2018,177200000.0,0.030756207674943567
Fred Davis,fred davis,Commanders,TE,TE,SKILL,5446000.0,5446000.0,5446000.0,1.0,2012,,2012,120600000.0,0.0451575456053068
Jamaal Charles,jamaal charles,Chiefs,RB,RB,SKILL,27000000.0,5400000.0,8000000.0,5.0,2010,,2010,102000000.0,0.052941176470588235
DeVante Parker,devante parker,Patriots,WR,WR,SKILL,10800000.0,5400000.0,9100000.0,2.0,2023,,2023,224800000.0,0.02402135231316726
Drake London,drake london,Falcons,WR,WR,SKILL,21534472.0,5383618.0,21534472.0,4.0,2022,,2022,208200000.0,0.025857915465898176
Jordan Mason,jordan mason,49ers,RB,RB,SKILL,5346000.0,5346000.0,0.0,1.0,2025,,2025,279000000.0,0.019161290322580644
Michael Crabtree,michael crabtree,49ers,WR,WR,SKILL,32000000.0,5333333.0,10065000.0,6.0,2009,,2009,123000000.0,0.043360430894308945
Jared Cook,jared cook,Raiders,TE,TE,SKILL,10600000.0,5300000.0,5000000.0,2.0,2017,,2017,167000000.0,0.03173652694610778
DeAngelo Williams,deangelo williams,Panthers,RB,RB,SKILL,7750000.0,5275000.0,1055000.0,5.0,2006,,2006,102000000.0,0.0517156862745098
Cordarrelle Patterson,cordarrelle patterson,Falcons,RB,RB,SKILL,10500000.0,5250000.0,5000000.0,2.0,2022,,2022,208200000.0,0.02521613832853026
Luke Farrell,luke farrell,49ers,TE,TE,SKILL,15750000.0,5250000.0,6000000.0,3.0,2025,,2025,279000000.0,0.01881720430107527
Tommy Tremble,tommy tremble,Panthers,TE,TE,SKILL,10500000.0,5250000.0,6000000.0,2.0,2025,,2025,279000000.0,0.01881720430107527
Najee Harris,najee harris,Chargers,RB,RB,SKILL,5250000.0,5250000.0,5250000.0,1.0,2025,,2025,279000000.0,0.01881720430107527
Kalif Raymond,kalif raymond,Lions,WR,WR,SKILL,10500000.0,5250000.0,8150000.0,2.0,2023,,2023,224800000.0,0.023354092526690393
Seth Roberts,seth roberts,Raiders,WR,WR,SKILL,10485000.0,5242500.0,4000000.0,2.0,2017,,2017,167000000.0,0.03139221556886228
Tyler Warren,tyler warren,Colts,TE,TE,SKILL,20960650.0,5240163.0,20960650.0,4.0,2025,,2025,279000000.0,0.01878194623655914
Chris Carson,chris carson,Seahawks,RB,RB,SKILL,10425000.0,5212500.0,5500000.0,2.0,2021,,2021,182500000.0,0.02856164383561644
Curtis Martin,curtis martin,Jets,RB,RB,SKILL,31229067.0,5204845.0,10000000.0,6.0,2002,,2002,71101000.0,0.07320354144104865
Duke Johnson,duke johnson,HOU/CLE,RB,RB,SKILL,15610000.0,5203333.0,5957000.0,3.0,2018,,2018,177200000.0,0.02936418171557562
Santana Moss,santana moss,Commanders,WR,WR,SKILL,26010000.0,5202000.0,3000000.0,5.0,2005,,2005,85500000.0,0.06084210526315789
Chad Johnson,chad johnson,Bengals,WR,WR,SKILL,26000000.0,5200000.0,7000000.0,5.0,2003,,2003,75007000.0,0.06932686282613623
Giovani Bernard,giovani bernard,Bengals,RB,RB,SKILL,15500000.0,5166667.0,5000000.0,3.0,2016,,2016,155270000.0,0.03327537193276228
Giovani Bernard,giovani bernard,Bengals,RB,RB,SKILL,10300000.0,5150000.0,2000000.0,2.0,2019,,2019,188200000.0,0.02736450584484591
Vance McDonald,vance mcdonald,Steelers,TE,TE,SKILL,10300000.0,5150000.0,4000000.0,2.0,2020,,2020,198200000.0,0.02598385469223007
Garrett Wilson,garrett wilson,Jets,WR,WR,SKILL,20554006.0,5138502.0,20554006.0,4.0,2022,,2022,208200000.0,0.024680605187319883
Trent Richardson,trent richardson,IND/CLE,RB,RB,SKILL,20489796.0,5122449.0,20489796.0,4.0,2012,,2012,120600000.0,0.04247470149253731
Martellus Bennett,martellus bennett,CHI/NE,TE,TE,SKILL,20400000.0,5100000.0,5215000.0,4.0,2013,,2013,123000000.0,0.041463414634146344
Carlos Hyde,carlos hyde,CLE/JAX,RB,RB,SKILL,15250000.0,5083333.0,5000000.0,3.0,2018,,2018,177200000.0,0.028686980812641084
DeVonta Smith,devonta smith,Eagles,WR,WR,SKILL,20141392.0,5035348.0,20141392.0,4.0,2021,,2021,182500000.0,0.02759094794520548
Danny Amendola,danny amendola,Lions,WR,WR,SKILL,5000000.0,5000000.0,4500000.0,1.0,2020,,2020,198200000.0,0.025227043390514632
Latavius Murray,latavius murray,Vikings,RB,RB,SKILL,15000000.0,5000000.0,3400000.0,3.0,2017,,2017,167000000.0,0.029940119760479042
Marquise Brown,marquise brown,Eagles,WR,WR,SKILL,5000000.0,5000000.0,5000000.0,1.0,2026,,2026,301200000.0,0.016600265604249667
DeAndre Hopkins,deandre hopkins,Ravens,WR,WR,SKILL,5000000.0,5000000.0,5000000.0,1.0,2025,,2025,279000000.0,0.017921146953405017
Kendrick Bourne,kendrick bourne,Cardinals,WR,WR,SKILL,10000000.0,5000000.0,6500000.0,2.0,2026,,2026,301200000.0,0.016600265604249667
Vernon Davis,vernon davis,Commanders,TE,TE,SKILL,15000000.0,5000000.0,7500000.0,3.0,2017,,2017,167000000.0,0.029940119760479042
Austin Seferian-Jenkins,austin seferian-jenkins,Jaguars,TE,TE,SKILL,10000000.0,5000000.0,4000000.0,2.0,2018,,2018,177200000.0,0.028216704288939052
David Johnson,david johnson,Texans,RB,RB,SKILL,5000000.0,5000000.0,4250000.0,1.0,2021,,2021,182500000.0,0.0273972602739726
Ladarius Green,ladarius green,Steelers,TE,TE,SKILL,20000000.0,5000000.0,4750000.0,4.0,2016,,2016,155270000.0,0.03220197076061055
D.J. Chark,d.j. chark,Panthers,WR,WR,SKILL,5000000.0,5000000.0,5000000.0,1.0,2023,,2023,224800000.0,0.02224199288256228
Cedrick Wilson Jr.,cedrick wilson jr.,Dolphins,WR,WR,SKILL,5000000.0,5000000.0,5000000.0,1.0,2023,,2023,224800000.0,0.02224199288256228
John Carlson,john carlson,Vikings,TE,TE,SKILL,25000000.0,5000000.0,7900000.0,5.0,2012,,2012,120600000.0,0.04145936981757877
Sammy Watkins,sammy watkins,Ravens,WR,WR,SKILL,5000000.0,5000000.0,5000000.0,1.0,2021,,2021,182500000.0,0.0273972602739726
Cordarrelle Patterson,cordarrelle patterson,Bears,WR,WR,SKILL,10000000.0,5000000.0,5000000.0,2.0,2019,,2019,188200000.0,0.026567481402763018
Nate Burleson,nate burleson,Lions,WR,WR,SKILL,25000000.0,5000000.0,11000000.0,5.0,2010,,2010,102000000.0,0.049019607843137254
Julian Hill,julian hill,Patriots,TE,TE,SKILL,15000000.0,5000000.0,7500000.0,3.0,2026,,2026,301200000.0,0.016600265604249667
Rishard Matthews,rishard matthews,Titans,WR,WR,SKILL,15000000.0,5000000.0,2500000.0,3.0,2016,,2016,155270000.0,0.03220197076061055
Eddie Royal,eddie royal,Bears,WR,WR,SKILL,15000000.0,5000000.0,10000000.0,3.0,2015,,2015,143280000.0,0.03489670575097711
John Brown,john brown,Ravens,WR,WR,SKILL,5000000.0,5000000.0,4000000.0,1.0,2018,,2018,177200000.0,0.028216704288939052
Mark Ingram,mark ingram,Ravens,RB,RB,SKILL,15000000.0,5000000.0,6500000.0,3.0,2019,,2019,188200000.0,0.026567481402763018
Torrey Smith,torrey smith,Eagles,WR,WR,SKILL,15000000.0,5000000.0,500000.0,3.0,2017,,2017,167000000.0,0.029940119760479042
Emmanuel Sanders,emmanuel sanders,Broncos,WR,WR,SKILL,15000000.0,5000000.0,6000000.0,3.0,2014,,2014,133000000.0,0.03759398496240601
Kendrick Bourne,kendrick bourne,Patriots,WR,WR,SKILL,15000000.0,5000000.0,5250000.0,3.0,2021,,2021,182500000.0,0.0273972602739726
Chris Rodriguez Jr.,chris rodriguez jr.,Jaguars,RB,RB,SKILL,10000000.0,5000000.0,6200000.0,2.0,2026,,2026,301200000.0,0.016600265604249667
Santana Moss,santana moss,Commanders,WR,WR,SKILL,15000000.0,5000000.0,6000000.0,3.0,2011,,2011,120000000.0,0.041666666666666664
Austin Hooper,austin hooper,Patriots,TE,TE,SKILL,5000000.0,5000000.0,4000000.0,1.0,2025,,2025,279000000.0,0.017921146953405017
Randall Cobb,randall cobb,Cowboys,WR,WR,SKILL,5000000.0,5000000.0,4000000.0,1.0,2019,,2019,188200000.0,0.026567481402763018
Jeremy Ruckert,jeremy ruckert,Jets,TE,TE,SKILL,10000000.0,5000000.0,4972157.0,2.0,2025,,2025,279000000.0,0.017921146953405017
T.J. Hockenson,t.j. hockenson,MIN/DET,TE,TE,SKILL,19821226.0,4955307.0,19821226.0,4.0,2019,,2019,188200000.0,0.02633000531349628
Dion Lewis,dion lewis,Titans,RB,RB,SKILL,19800000.0,4950000.0,5750000.0,4.0,2018,,2018,177200000.0,0.027934537246049662
Nick Boyle,nick boyle,Ravens,TE,TE,SKILL,9750000.0,4875000.0,3750000.0,2.0,2022,,2022,208200000.0,0.0234149855907781
Brent Celek,brent celek,Eagles,TE,TE,SKILL,29250000.0,4875000.0,10824706.0,6.0,2009,,2009,123000000.0,0.039634146341463415
Jordan Howard,jordan howard,Dolphins,RB,RB,SKILL,9750000.0,4875000.0,4750000.0,2.0,2020,,2020,198200000.0,0.024596367305751765
Reggie Bush,reggie bush,Dolphins,RB,RB,SKILL,9750000.0,4875000.0,2500000.0,2.0,2011,,2011,120000000.0,0.040625
C.J. Spiller,c.j. spiller,Bills,RB,RB,SKILL,24304587.0,4860917.0,11854169.0,5.0,2010,,2010,102000000.0,0.04765604901960784
Tyler Eifert,tyler eifert,Jaguars,TE,TE,SKILL,9500000.0,4750000.0,3250000.0,2.0,2020,,2020,198200000.0,0.0239656912209889
Will Dissly,will dissly,Chargers,TE,TE,SKILL,14000000.0,4666666.0,1000000.0,3.0,2024,,2024,255400000.0,0.018271989036805013
Jeremy Shockey,jeremy shockey,NO/NYG,TE,TE,SKILL,23250000.0,4650000.0,3000000.0,5.0,2005,,2005,85500000.0,0.054385964912280704
Lance Kendricks,lance kendricks,Rams,TE,TE,SKILL,18600000.0,4650000.0,5500000.0,4.0,2015,,2015,143280000.0,0.03245393634840871
Keaton Mitchell,keaton mitchell,Chargers,RB,RB,SKILL,9250000.0,4625000.0,5000000.0,2.0,2026,,2026,301200000.0,0.015355245683930943
Jason Witten,jason witten,Cowboys,TE,TE,SKILL,27600000.0,4600000.0,12000000.0,6.0,2006,,2006,102000000.0,0.045098039215686274
Brock Bowers,brock bowers,Raiders,TE,TE,SKILL,18138784.0,4534696.0,18138784.0,4.0,2024,,2024,255400000.0,0.017755270164447924
Rhett Ellison,rhett ellison,Giants,TE,TE,SKILL,18000000.0,4500000.0,8000000.0,4.0,2017,,2017,167000000.0,0.02694610778443114
Ryan Grant,ryan grant,Packers,RB,RB,SKILL,18000000.0,4500000.0,0.0,4.0,2008,,2008,116000000.0,0.03879310344827586
Ahmad Bradshaw,ahmad bradshaw,Giants,RB,RB,SKILL,18000000.0,4500000.0,9000000.0,4.0,2011,,2011,120000000.0,0.0375
Jared Cook,jared cook,Chargers,TE,TE,SKILL,4500000.0,4500000.0,4500000.0,1.0,2021,,2021,182500000.0,0.024657534246575342
C.J. Anderson,c.j. anderson,Broncos,RB,RB,SKILL,18000000.0,4500000.0,7600000.0,4.0,2016,,2016,155270000.0,0.028981773684549496
Marshawn Lynch,marshawn lynch,Raiders,RB,RB,SKILL,4500000.0,4500000.0,3500000.0,1.0,2018,,2018,177200000.0,0.025395033860045147
Mike Gesicki,mike gesicki,Patriots,TE,TE,SKILL,4500000.0,4500000.0,3550000.0,1.0,2023,,2023,224800000.0,0.02001779359430605
Travis Henry,travis henry,Broncos,RB,RB,SKILL,22500000.0,4500000.0,6000000.0,5.0,2007,,2007,109000000.0,0.04128440366972477
Marshawn Lynch,marshawn lynch,Raiders,RB,RB,SKILL,9000000.0,4500000.0,2350000.0,2.0,2017,,2017,167000000.0,0.02694610778443114
Darren Sproles,darren sproles,Eagles,RB,RB,SKILL,4500000.0,4500000.0,500000.0,1.0,2016,,2016,155270000.0,0.028981773684549496
Nyheim Miller-Hines,nyheim miller-hines,Bills,RB,RB,SKILL,9000000.0,4500000.0,2000000.0,2.0,2023,,2023,224800000.0,0.02001779359430605
Jahmyr Gibbs,jahmyr gibbs,Lions,RB,RB,SKILL,17845138.0,4461285.0,17845138.0,4.0,2023,,2023,224800000.0,0.01984557384341637
Omarion Hampton,omarion hampton,Chargers,RB,RB,SKILL,17774464.0,4443616.0,17774464.0,4.0,2025,,2025,279000000.0,0.01592693906810036
Willie Parker,willie parker,Steelers,RB,RB,SKILL,13175000.0,4391667.0,3750000.0,3.0,2006,,2006,102000000.0,0.04305555882352941
Delanie Walker,delanie walker,Titans,TE,TE,SKILL,17500000.0,4375000.0,5800000.0,4.0,2013,,2013,123000000.0,0.03556910569105691
Noah Fant,noah fant,Saints,TE,TE,SKILL,8750000.0,4375000.0,4500000.0,2.0,2026,,2026,301200000.0,0.014525232403718459
Fred Jackson,fred jackson,Bills,RB,RB,SKILL,8700000.0,4350000.0,3000000.0,2.0,2012,,2012,120600000.0,0.036069651741293535
Jerome Bettis,jerome bettis,Steelers,RB,RB,SKILL,25892000.0,4315333.0,6000000.0,6.0,2001,,2001,67405000.0,0.06402096283658483
Christian McCaffrey,christian mccaffrey,Panthers,RB,RB,SKILL,17241304.0,4310326.0,17241304.0,4.0,2017,,2017,167000000.0,0.02581033532934132
Tony Gonzalez,tony gonzalez,Chiefs,TE,TE,SKILL,21500000.0,4300000.0,10000000.0,5.0,2002,,2002,71101000.0,0.060477349123078436
Dustin Keller,dustin keller,Dolphins,TE,TE,SKILL,4250000.0,4250000.0,2250000.0,1.0,2013,,2013,123000000.0,0.034552845528455285
Tevin Coleman,tevin coleman,49ers,RB,RB,SKILL,8500000.0,4250000.0,3250000.0,2.0,2019,,2019,188200000.0,0.022582359192348564
Eddie Lacy,eddie lacy,Seahawks,RB,RB,SKILL,4250000.0,4250000.0,2865000.0,1.0,2017,,2017,167000000.0,0.025449101796407185
Tiki Barber,tiki barber,Giants,RB,RB,SKILL,25500000.0,4250000.0,3500000.0,6.0,2001,,2001,67405000.0,0.06305170239596469
Jason Witten,jason witten,Cowboys,TE,TE,SKILL,4250000.0,4250000.0,0.0,1.0,2019,,2019,188200000.0,0.022582359192348564
Austin Ekeler,austin ekeler,Commanders,RB,RB,SKILL,8430000.0,4215000.0,4210000.0,2.0,2024,,2024,255400000.0,0.016503523884103366
Jonnu Smith,jonnu smith,Dolphins,TE,TE,SKILL,8400000.0,4200000.0,3960000.0,1.0,2024,,2024,255400000.0,0.01644479248238058
Raheem Mostert,raheem mostert,Dolphins,RB,RB,SKILL,4130000.0,4130000.0,3710000.0,1.0,2024,,2024,255400000.0,0.016170712607674238
Gus Edwards,gus edwards,Ravens,RB,RB,SKILL,12384000.0,4128000.0,8000000.0,3.0,2021,,2021,182500000.0,0.02261917808219178
Shane Vereen,shane vereen,Giants,RB,RB,SKILL,12350000.0,4116667.0,4750000.0,3.0,2015,,2015,143280000.0,0.028731623394751535
Gary Barnidge,gary barnidge,Browns,TE,TE,SKILL,12300000.0,4100000.0,3250000.0,3.0,2015,,2015,143280000.0,0.028615298715801228
Owen Daniels,owen daniels,Broncos,TE,TE,SKILL,12250000.0,4083333.0,3000000.0,3.0,2015,,2015,143280000.0,0.02849897403685092
Foster Moreau,foster moreau,Saints,TE,TE,SKILL,12234000.0,4078000.0,8020000.0,3.0,2023,,2023,224800000.0,0.018140569395017795
Vernon Davis,vernon davis,49ers,TE,TE,SKILL,20275000.0,4055000.0,11880000.0,5.0,2006,,2006,102000000.0,0.039754901960784315
Matt Forte,matt forte,Jets,RB,RB,SKILL,12000000.0,4000000.0,9000000.0,3.0,2016,,2016,155270000.0,0.025761576608488438
Jamaal Williams,jamaal williams,Saints,RB,RB,SKILL,12000000.0,4000000.0,8150000.0,3.0,2023,,2023,224800000.0,0.017793594306049824
Reggie Bush,reggie bush,Lions,RB,RB,SKILL,16000000.0,4000000.0,4000000.0,4.0,2013,,2013,123000000.0,0.032520325203252036
Jeremy Shockey,jeremy shockey,Panthers,TE,TE,SKILL,4000000.0,4000000.0,1000000.0,1.0,2011,,2011,120000000.0,0.03333333333333333
Steven Jackson,steven jackson,Falcons,RB,RB,SKILL,12000000.0,4000000.0,4000000.0,3.0,2013,,2013,123000000.0,0.032520325203252036
James White,james white,Patriots,RB,RB,SKILL,12000000.0,4000000.0,4690000.0,3.0,2017,,2017,167000000.0,0.023952095808383235
Jonathan Stewart,jonathan stewart,Panthers,RB,RB,SKILL,8000000.0,4000000.0,3600000.0,2.0,2017,,2017,167000000.0,0.023952095808383235
C.J. Spiller,c.j. spiller,Saints,RB,RB,SKILL,16000000.0,4000000.0,5750000.0,4.0,2015,,2015,143280000.0,0.027917364600781685
Mark Ingram,mark ingram,Saints,RB,RB,SKILL,16000000.0,4000000.0,6100000.0,4.0,2015,,2015,143280000.0,0.027917364600781685
Frank Gore,frank gore,Colts,RB,RB,SKILL,12000000.0,4000000.0,6500000.0,3.0,2015,,2015,143280000.0,0.027917364600781685
Zack Moss,zack moss,Bengals,RB,RB,SKILL,8000000.0,4000000.0,3000000.0,2.0,2024,,2024,255400000.0,0.015661707126076743
Isaiah Crowell,isaiah crowell,Jets,RB,RB,SKILL,12000000.0,4000000.0,4000000.0,3.0,2018,,2018,177200000.0,0.022573363431151242
Latavius Murray,latavius murray,Vikings,RB,RB,SKILL,4000000.0,4000000.0,3650000.0,1.0,2018,,2018,177200000.0,0.022573363431151242
James Casey,james casey,Eagles,RB,RB,SKILL,12000000.0,4000000.0,6015000.0,3.0,2013,,2013,123000000.0,0.032520325203252036
Chris Johnson,chris johnson,Jets,RB,RB,SKILL,8000000.0,4000000.0,3000000.0,2.0,2014,,2014,133000000.0,0.03007518796992481
Ben Watson,ben watson,Browns,TE,TE,SKILL,12000000.0,4000000.0,6400000.0,3.0,2010,,2010,102000000.0,0.0392156862745098
Levine Toilolo,levine toilolo,Falcons,TE,TE,SKILL,12000000.0,4000000.0,4500000.0,3.0,2017,,2017,167000000.0,0.023952095808383235
Brock Wright,brock wright,Lions,TE,TE,SKILL,12000000.0,4000000.0,4600000.0,3.0,2024,,2024,255400000.0,0.015661707126076743
Charlie Woerner,charlie woerner,Falcons,TE,TE,SKILL,12000000.0,4000000.0,4160000.0,3.0,2024,,2024,255400000.0,0.015661707126076743
Heath Miller,heath miller,Steelers,TE,TE,SKILL,8000000.0,4000000.0,5000000.0,2.0,2014,,2014,133000000.0,0.03007518796992481
Brandon Pettigrew,brandon pettigrew,Lions,TE,TE,SKILL,16000000.0,4000000.0,5200000.0,4.0,2014,,2014,133000000.0,0.03007518796992481
Cameron Brate,cameron brate,Buccaneers,TE,TE,SKILL,8000000.0,4000000.0,4000000.0,2.0,2022,,2022,208200000.0,0.01921229586935639
Tyler Kroft,tyler kroft,Bills,TE,TE,SKILL,4000000.0,4000000.0,3400000.0,1.0,2020,,2020,198200000.0,0.020181634712411706
Jason Witten,jason witten,Raiders,TE,TE,SKILL,4000000.0,4000000.0,3500000.0,1.0,2020,,2020,198200000.0,0.020181634712411706
Jeff Heuerman,jeff heuerman,Broncos,TE,TE,SKILL,8000000.0,4000000.0,2000000.0,2.0,2019,,2019,188200000.0,0.021253985122210415
Tyler Eifert,tyler eifert,Bengals,TE,TE,SKILL,4000000.0,4000000.0,1200000.0,1.0,2019,,2019,188200000.0,0.021253985122210415
Marcedes Lewis,marcedes lewis,Jaguars,TE,TE,SKILL,12000000.0,4000000.0,5000000.0,3.0,2016,,2016,155270000.0,0.025761576608488438
Marcedes Lewis,marcedes lewis,Packers,TE,TE,SKILL,8000000.0,4000000.0,2100000.0,2.0,2021,,2021,182500000.0,0.021917808219178082
Darren Fells,darren fells,Browns,TE,TE,SKILL,12000000.0,4000000.0,4650000.0,3.0,2018,,2018,177200000.0,0.022573363431151242
Jake Tonges,jake tonges,49ers,TE,TE,SKILL,8000000.0,4000000.0,5450000.0,2.0,2026,,2026,301200000.0,0.013280212483399735
Brent Celek,brent celek,Eagles,TE,TE,SKILL,12000000.0,4000000.0,5000000.0,3.0,2016,,2016,155270000.0,0.025761576608488438
Anthony Fasano,anthony fasano,Chiefs,TE,TE,SKILL,16000000.0,4000000.0,4500000.0,2.0,2013,,2013,123000000.0,0.032520325203252036
