player_name,position,signing_year,y_true_pct,y_pred_pct,error_pct,abs_error_pct,model
Colin Kaepernick,QB,2014,14.29,16.88,2.5974593764381853,2.5974593764381853,HGB
Ryan Fitzpatrick,QB,2014,2.73,3.89,1.162580402590677,1.162580402590677,HGB
Chad Henne,QB,2014,3.01,4.83,1.8271560095150314,1.8271560095150314,HGB
Michael Vick,QB,2014,3.01,4.83,1.8271560095150314,1.8271560095150314,HGB
Blake Bortles,QB,2014,3.88,5.15,1.2636434222195236,1.2636434222195236,HGB
Matt Cassel,QB,2014,3.95,6.1,2.1516394184968424,2.1516394184968424,HGB
Josh McCown,QB,2014,3.76,7.66,3.902983559068143,3.902983559068143,HGB
Matt Schaub,QB,2014,5.08,9.92,4.849690170713973,4.849690170713973,HGB
Andy Dalton,QB,2014,12.03,14.31,2.276182968495492,2.276182968495492,HGB
Carson Palmer,QB,2014,12.41,12.08,-0.32525040934849314,0.32525040934849314,HGB
Alex Smith,QB,2014,12.78,16.76,3.9815028709215494,3.9815028709215494,HGB
Jay Cutler,QB,2014,13.61,16.11,2.505866238218904,2.505866238218904,HGB
Kyle Orton,QB,2014,4.14,8.08,3.948030253723922,3.948030253723922,HGB
Marcus Mariota,QB,2015,4.22,4.2,-0.029431398439316164,0.029431398439316164,HGB
Matt Hasselbeck,QB,2015,2.09,2.61,0.5201543923620908,0.5201543923620908,HGB
Ryan Mallett,QB,2015,2.44,1.98,-0.4658460474539543,0.4658460474539543,HGB
Mark Sanchez,QB,2015,3.14,2.99,-0.15006756543704153,0.15006756543704153,HGB
Josh McCown,QB,2015,3.26,3.06,-0.19282482648203708,0.19282482648203708,HGB
Brian Hoyer,QB,2015,3.66,3.87,0.2022921717381332,0.2022921717381332,HGB
Jameis Winston,QB,2015,4.42,4.66,0.2372892092845913,0.2372892092845913,HGB
Shaun Hill,QB,2015,2.27,3.02,0.7521872302149555,0.7521872302149555,HGB
Peyton Manning,QB,2015,11.86,12.5,0.6312235594726032,0.6312235594726032,HGB
Russell Wilson,QB,2015,15.28,18.2,2.9172934627532063,2.9172934627532063,HGB
Ben Roethlisberger,QB,2015,15.25,17.87,2.6186184891492688,2.6186184891492688,HGB
Eli Manning,QB,2015,14.66,13.1,-1.5538692263311504,1.5538692263311504,HGB
Nick Foles,QB,2015,8.55,6.76,-1.7912854732712953,1.7912854732712953,HGB
Cam Newton,QB,2015,14.49,13.84,-0.6466857262143882,0.6466857262143882,HGB
Ryan Tannehill,QB,2015,13.44,13.86,0.4274986560592636,0.4274986560592636,HGB
Philip Rivers,QB,2015,14.53,15.25,0.7250380992110589,0.7250380992110589,HGB
Colt McCoy,QB,2016,1.93,1.42,-0.5128667937473479,0.5128667937473479,HGB
Ryan Fitzpatrick,QB,2016,7.73,4.49,-3.2365764047272165,3.2365764047272165,HGB
Chad Henne,QB,2016,2.58,1.39,-1.1865168173665737,1.1865168173665737,HGB
Nick Foles,QB,2016,2.74,2.5,-0.23520086799151893,0.23520086799151893,HGB
Carson Wentz,QB,2016,4.3,1.94,-2.3506546915840287,2.3506546915840287,HGB
Jared Goff,QB,2016,4.5,2.24,-2.2630982768993677,2.2630982768993677,HGB
Chase Daniel,QB,2016,4.51,2.62,-1.8922902264156278,1.8922902264156278,HGB
Robert Griffin III,QB,2016,4.83,4.15,-0.68477832256134,0.68477832256134,HGB
Drew Stanton,QB,2016,2.09,0.74,-1.351317377395583,1.351317377395583,HGB
Sam Bradford,QB,2016,11.27,5.16,-6.108508219208537,6.108508219208537,HGB
Tyrod Taylor,QB,2016,11.59,7.47,-4.122003934877079,4.122003934877079,HGB
Brock Osweiler,QB,2016,11.59,7.47,-4.122003934877079,4.122003934877079,HGB
Kirk Cousins,QB,2016,12.85,11.99,-0.8579998757853327,0.8579998757853327,HGB
Tom Brady,QB,2016,13.2,13.17,-0.02828002627477122,0.02828002627477122,HGB
Carson Palmer,QB,2016,13.52,11.48,-2.0419426354734567,2.0419426354734567,HGB
Joe Flacco,QB,2016,14.25,11.02,-3.2371489560854934,3.2371489560854934,HGB
Drew Brees,QB,2016,15.62,15.9,0.28229023458203606,0.28229023458203606,HGB
Andrew Luck,QB,2016,15.84,14.77,-1.071331885976412,1.071331885976412,HGB
Colin Kaepernick,QB,2016,10.05,4.82,-5.231611388987409,5.231611388987409,HGB
Nick Foles,QB,2017,3.29,5.52,2.2306487809563813,2.2306487809563813,HGB
Ryan Fitzpatrick,QB,2017,1.8,2.56,0.7606767421574443,0.7606767421574443,HGB
Deshaun Watson,QB,2017,2.07,3.7,1.6261921549213278,1.6261921549213278,HGB
Chad Henne,QB,2017,2.1,3.63,1.537863875562636,1.537863875562636,HGB
Matt Schaub,QB,2017,2.4,2.44,0.0477606604747563,0.0477606604747563,HGB
Patrick Mahomes,QB,2017,2.46,3.92,1.4640354103348767,1.4640354103348767,HGB
Josh McCown,QB,2017,3.59,6.02,2.431331891093879,2.431331891093879,HGB
Brian Hoyer,QB,2017,3.59,6.02,2.431331891093879,2.431331891093879,HGB
Mitchell Trubisky,QB,2017,4.35,9.53,5.182430159477476,5.182430159477476,HGB
Jay Cutler,QB,2017,5.99,7.8,1.8081596347269495,1.8081596347269495,HGB
Mike Glennon,QB,2017,8.98,10.98,1.9972149344672827,1.9972149344672827,HGB
Tyrod Taylor,QB,2017,9.13,13.3,4.1713654810787855,4.1713654810787855,HGB
Kirk Cousins,QB,2017,14.34,15.96,1.6198593301546549,1.6198593301546549,HGB
Derek Carr,QB,2017,14.97,17.11,2.1368066813017563,2.1368066813017563,HGB
Matt Stafford,QB,2017,16.17,15.77,-0.4022080489914759,0.4022080489914759,HGB
Teddy Bridgewater,QB,2018,3.39,3.14,-0.24461188586887908,0.24461188586887908,HGB
Josh Allen,QB,2018,2.99,2.87,-0.11894540509602841,0.11894540509602841,HGB
Chase Daniel,QB,2018,2.82,2.07,-0.7468946312490305,0.7468946312490305,HGB
A.J. McCarron,QB,2018,2.82,2.07,-0.7468946312490305,0.7468946312490305,HGB
Colt McCoy,QB,2018,1.83,1.71,-0.126585178239132,0.126585178239132,HGB
Chad Henne,QB,2018,1.89,1.71,-0.18301858681701172,0.18301858681701172,HGB
Ryan Fitzpatrick,QB,2018,1.86,0.97,-0.8905660878980879,0.8905660878980879,HGB
Sam Darnold,QB,2018,4.27,3.31,-0.9612045294844891,0.9612045294844891,HGB
Drew Stanton,QB,2018,1.83,1.71,-0.126585178239132,0.126585178239132,HGB
Josh Rosen,QB,2018,2.48,1.71,-0.7752533497967017,0.7752533497967017,HGB
Baker Mayfield,QB,2018,4.61,3.33,-1.276605149861084,1.276605149861084,HGB
Mike Glennon,QB,2018,2.26,1.47,-0.791078622728405,0.791078622728405,HGB
Nick Foles,QB,2018,8.18,3.38,-4.799912656444494,4.799912656444494,HGB
Josh McCown,QB,2018,5.64,4.46,-1.1872373549899964,1.1872373549899964,HGB
Aaron Rodgers,QB,2018,18.91,17.64,-1.2610952802177167,1.2610952802177167,HGB
Kirk Cousins,QB,2018,15.8,16.66,0.8579620702344137,0.8579620702344137,HGB
Jimmy Garoppolo,QB,2018,15.52,12.67,-2.850101211947667,2.850101211947667,HGB
Matt Ryan,QB,2018,16.93,17.63,0.7005603620974493,0.7005603620974493,HGB
Alex Smith,QB,2018,13.26,14.39,1.1285018519546552,1.1285018519546552,HGB
Sam Bradford,QB,2018,11.29,12.88,1.5955892816649053,1.5955892816649053,HGB
Case Keenum,QB,2018,10.16,9.19,-0.9686812028399439,0.9686812028399439,HGB
Blake Bortles,QB,2018,9.87,7.62,-2.2455787766583595,2.2455787766583595,HGB
Drew Brees,QB,2018,14.11,13.98,-0.1324447983000826,0.1324447983000826,HGB
A.J. McCarron,QB,2019,1.59,2.19,0.5918106973695599,0.5918106973695599,HGB
Ryan Tannehill,QB,2019,3.72,3.92,0.19761665806160705,0.19761665806160705,HGB
Nate Sudfeld,QB,2019,1.64,2.21,0.5697959229271816,0.5697959229271816,HGB
Dwayne Haskins,QB,2019,1.92,2.56,0.6480239410607204,0.6480239410607204,HGB
Brian Hoyer,QB,2019,2.13,1.85,-0.27937465505169856,0.27937465505169856,HGB
Tyrod Taylor,QB,2019,2.92,3.94,1.0139389589104868,1.0139389589104868,HGB
Ryan Fitzpatrick,QB,2019,2.92,3.94,1.0139389589104868,1.0139389589104868,HGB
Daniel Jones,QB,2019,3.41,3.81,0.40153201333311617,0.40153201333311617,HGB
Teddy Bridgewater,QB,2019,3.85,4.51,0.6551425056350486,0.6551425056350486,HGB
Tom Brady,QB,2019,12.22,14.2,1.9750310614970927,1.9750310614970927,HGB
Kyler Murray,QB,2019,4.67,4.69,0.02193315600575521,0.02193315600575521,HGB
Nick Foles,QB,2019,11.69,8.41,-3.27542544950129,3.27542544950129,HGB
Jacoby Brissett,QB,2019,14.86,11.69,-3.1720562311488494,3.1720562311488494,HGB
Carson Wentz,QB,2019,17.0,14.77,-2.232552514437791,2.232552514437791,HGB
Jared Goff,QB,2019,17.8,17.68,-0.11651906941885226,0.11651906941885226,HGB
Ben Roethlisberger,QB,2019,18.07,17.64,-0.42924620851905737,0.42924620851905737,HGB
Russell Wilson,QB,2019,18.6,18.59,-0.006671401226437945,0.006671401226437945,HGB
Case Keenum,QB,2019,3.99,7.61,3.624005348970622,3.624005348970622,HGB
Justin Herbert,QB,2020,3.35,2.99,-0.36043066119047124,0.36043066119047124,HGB
Nick Foles,QB,2020,4.04,2.54,-1.4960484831634813,1.4960484831634813,HGB
Tua Tagovailoa,QB,2020,3.82,3.21,-0.612700048700572,0.612700048700572,HGB
Case Keenum,QB,2020,3.03,1.51,-1.5151336340763444,1.5151336340763444,HGB
Marcus Mariota,QB,2020,4.44,4.22,-0.21715625921531825,0.21715625921531825,HGB
A.J. McCarron,QB,2020,2.02,2.14,0.12458857360340102,0.12458857360340102,HGB
Jordan Love,QB,2020,1.56,2.05,0.48880589947796826,0.48880589947796826,HGB
Andy Dalton,QB,2020,1.51,3.61,2.0936915825397664,2.0936915825397664,HGB
Chase Daniel,QB,2020,2.19,2.49,0.2906408993666357,0.2906408993666357,HGB
Joe Burrow,QB,2020,4.56,3.52,-1.0483411264401978,1.0483411264401978,HGB
Dak Prescott,QB,2020,15.85,21.04,5.188414266838359,5.188414266838359,HGB
Teddy Bridgewater,QB,2020,10.6,5.84,-4.751368085256601,4.751368085256601,HGB
Deshaun Watson,QB,2020,19.68,19.78,0.10545056655035523,0.10545056655035523,HGB
Kirk Cousins,QB,2020,16.65,21.82,5.1719936021249,5.1719936021249,HGB
Taysom Hill,QB,2020,5.3,4.41,-0.8882736572328069,0.8882736572328069,HGB
Patrick Mahomes,QB,2020,22.7,19.14,-3.568974666854896,3.568974666854896,HGB
Drew Brees,QB,2020,12.61,15.34,2.7301203594577856,2.7301203594577856,HGB
Philip Rivers,QB,2020,12.61,15.34,2.7301203594577856,2.7301203594577856,HGB
Tom Brady,QB,2020,12.61,15.34,2.7301203594577856,2.7301203594577856,HGB
Ryan Tannehill,QB,2020,14.88,17.42,2.5317848638828995,2.5317848638828995,HGB
Jameis Winston,QB,2021,3.01,8.2,5.184502086401487,5.184502086401487,HGB
Joe Flacco,QB,2021,1.92,1.87,-0.04914209291583989,0.04914209291583989,HGB
Marcus Mariota,QB,2021,1.92,1.87,-0.04914209291583989,0.04914209291583989,HGB
Mac Jones,QB,2021,2.14,2.07,-0.06922280689823125,0.06922280689823125,HGB
Justin Fields,QB,2021,2.59,2.3,-0.28405959583073065,0.28405959583073065,HGB
Mason Rudolph,QB,2021,2.73,2.6,-0.1338224507911899,0.1338224507911899,HGB
Jacoby Brissett,QB,2021,2.74,3.29,0.5546790279536272,0.5546790279536272,HGB
Tyrod Taylor,QB,2021,3.01,8.2,5.184502086401487,5.184502086401487,HGB
Cam Newton,QB,2021,4.52,4.39,-0.1291334411530308,0.1291334411530308,HGB
Trey Lance,QB,2021,4.67,4.45,-0.22590246095334637,0.22590246095334637,HGB
Zach Wilson,QB,2021,4.82,5.1,0.28724040910285686,0.28724040910285686,HGB
Trevor Lawrence,QB,2021,5.04,5.07,0.03335405100700836,0.03335405100700836,HGB
Ryan Fitzpatrick,QB,2021,5.48,13.35,7.866673640154912,7.866673640154912,HGB
Andy Dalton,QB,2021,5.48,13.35,7.866673640154912,7.866673640154912,HGB
Teddy Bridgewater,QB,2021,6.3,19.46,13.161086282651215,13.161086282651215,HGB
Ben Roethlisberger,QB,2021,7.67,19.8,12.124384176925783,12.124384176925783,HGB
Tom Brady,QB,2021,13.7,21.52,7.818509775648675,7.818509775648675,HGB
Dak Prescott,QB,2021,21.92,22.31,0.39690392322657697,0.39690392322657697,HGB
Josh Allen,QB,2021,23.56,21.76,-1.805361165622088,1.805361165622088,HGB
Tyrod Taylor,QB,2022,2.64,2.64,0.001968923841698736,0.001968923841698736,HGB
Jacoby Brissett,QB,2022,2.23,3.77,1.540440292897129,1.540440292897129,HGB
Kenny Pickett,QB,2022,1.69,3.07,1.3824635753829577,1.3824635753829577,HGB
Geno Smith,QB,2022,1.68,4.24,2.561407431119596,2.561407431119596,HGB
Nick Foles,QB,2022,1.49,2.7,1.209168391691483,1.209168391691483,HGB
Joe Flacco,QB,2022,1.68,4.24,2.561407431119596,2.561407431119596,HGB
Colt McCoy,QB,2022,1.56,4.3,2.7403237721510774,2.7403237721510774,HGB
Teddy Bridgewater,QB,2022,3.12,5.82,2.698195878711079,2.698195878711079,HGB
Case Keenum,QB,2022,1.68,4.24,2.561407431119596,2.561407431119596,HGB
Jimmy Garoppolo,QB,2022,3.36,8.86,5.497343223712698,5.497343223712698,HGB
Andy Dalton,QB,2022,1.44,1.31,-0.13234996387727072,0.13234996387727072,HGB
Marcus Mariota,QB,2022,4.5,7.05,2.543642746263614,2.543642746263614,HGB
Jameis Winston,QB,2022,6.72,6.66,-0.06311461562512194,0.06311461562512194,HGB
Baker Mayfield,QB,2022,7.38,7.14,-0.23217187052690658,0.23217187052690658,HGB
Kirk Cousins,QB,2022,16.81,13.72,-3.085761932903877,3.085761932903877,HGB
Matt Stafford,QB,2022,19.21,17.73,-1.4815719460379269,1.4815719460379269,HGB
Derek Carr,QB,2022,19.44,16.6,-2.8429571510945966,2.8429571510945966,HGB
Deshaun Watson,QB,2022,22.09,20.07,-2.0214381385221665,2.0214381385221665,HGB
Kyler Murray,QB,2022,22.14,22.28,0.1362665810023478,0.1362665810023478,HGB
Russell Wilson,QB,2022,23.54,21.41,-2.127155123588725,2.127155123588725,HGB
Aaron Rodgers,QB,2022,24.15,21.43,-2.7186963473075476,2.7186963473075476,HGB
Mitchell Trubisky,QB,2022,3.56,4.48,0.9242752258452648,0.9242752258452648,HGB
Mitchell Trubisky,QB,2023,2.5,2.16,-0.3387808876204712,0.3387808876204712,HGB
Marcus Mariota,QB,2023,2.22,2.08,-0.1491793256961492,0.1491793256961492,HGB
Jarrett Stidham,QB,2023,2.22,2.08,-0.1491793256961492,0.1491793256961492,HGB
Andy Dalton,QB,2023,2.22,2.08,-0.1491793256961492,0.1491793256961492,HGB
Jameis Winston,QB,2023,1.78,1.58,-0.20179045257165684,0.20179045257165684,HGB
Case Keenum,QB,2023,1.39,1.71,0.3151525858795742,0.3151525858795742,HGB
Drew Lock,QB,2023,1.78,1.58,-0.20179045257165684,0.20179045257165684,HGB
Baker Mayfield,QB,2023,1.78,1.58,-0.20179045257165684,0.20179045257165684,HGB
Gardner Minshew,QB,2023,1.56,1.93,0.3680772921781645,0.3680772921781645,HGB
Taylor Heinicke,QB,2023,3.11,2.65,-0.4663295067208903,0.4663295067208903,HGB
Teddy Bridgewater,QB,2023,1.33,1.16,-0.17551228260586968,0.17551228260586968,HGB
Mike White,QB,2023,1.78,1.58,-0.20179045257165684,0.20179045257165684,HGB
Jacoby Brissett,QB,2023,3.56,2.54,-1.0143925003781715,1.0143925003781715,HGB
Sam Darnold,QB,2023,2.0,1.65,-0.3552162006469052,0.3552162006469052,HGB
C.J. Stroud,QB,2023,4.03,3.52,-0.5195140243717755,0.5195140243717755,HGB
Anthony Richardson,QB,2023,3.78,3.54,-0.2446366299892276,0.2446366299892276,HGB
Justin Herbert,QB,2023,23.35,20.22,-3.135103419920254,3.135103419920254,HGB
Lamar Jackson,QB,2023,23.13,14.19,-8.939578693208276,8.939578693208276,HGB
Jalen Hurts,QB,2023,22.69,14.55,-8.136710480843687,8.136710480843687,HGB
Daniel Jones,QB,2023,17.79,10.93,-6.863830111934243,6.863830111934243,HGB
Joe Burrow,QB,2023,24.47,20.93,-3.5396069659070966,3.5396069659070966,HGB
Aaron Rodgers,QB,2023,16.68,13.11,-3.5674157045681887,3.5674157045681887,HGB
Geno Smith,QB,2023,11.12,9.81,-1.3079632719415355,1.3079632719415355,HGB
Jimmy Garoppolo,QB,2023,10.79,5.07,-5.721586686221629,5.721586686221629,HGB
Jordan Love,QB,2023,6.01,4.05,-1.951765717011282,1.951765717011282,HGB
Bryce Young,QB,2023,4.22,3.71,-0.5129462861025218,0.5129462861025218,HGB
Derek Carr,QB,2023,16.68,13.11,-3.5674157045681887,3.5674157045681887,HGB
Jacoby Brissett,QB,2024,3.13,3.88,0.751944694400749,0.751944694400749,HGB
Davis Mills,QB,2024,1.59,1.8,0.20909521679268253,0.20909521679268253,HGB
Joe Flacco,QB,2024,1.76,2.54,0.7806784359424681,0.7806784359424681,HGB
Bo Nix,QB,2024,1.82,1.88,0.056465741658191446,0.056465741658191446,HGB
Drew Lock,QB,2024,1.96,1.29,-0.6698625149352081,0.6698625149352081,HGB
J.J. McCarthy,QB,2024,2.14,2.01,-0.1300927793805251,0.1300927793805251,HGB
Michael Penix Jr.,QB,2024,2.24,2.33,0.09240017005056438,0.09240017005056438,HGB
Tyrod Taylor,QB,2024,2.35,2.27,-0.07738481960074296,0.07738481960074296,HGB
Marcus Mariota,QB,2024,2.35,2.27,-0.07738481960074296,0.07738481960074296,HGB
Drake Maye,QB,2024,3.59,3.63,0.038987558789448096,0.038987558789448096,HGB
Jared Goff,QB,2024,20.75,16.41,-4.341775365097303,4.341775365097303,HGB
Caleb Williams,QB,2024,3.87,4.45,0.5798843170655612,0.5798843170655612,HGB
Sam Darnold,QB,2024,3.92,6.62,2.705610402976847,2.705610402976847,HGB
Gardner Minshew,QB,2024,4.89,6.92,2.02506416963276,2.02506416963276,HGB
Baker Mayfield,QB,2024,13.05,13.22,0.1638004195439774,0.1638004195439774,HGB
Kirk Cousins,QB,2024,17.62,11.93,-5.684835971898421,5.684835971898421,HGB
Tua Tagovailoa,QB,2024,20.79,17.3,-3.4886193872781135,3.4886193872781135,HGB
Jordan Love,QB,2024,21.53,16.64,-4.895362612227877,4.895362612227877,HGB
Trevor Lawrence,QB,2024,21.53,16.64,-4.895362612227877,4.895362612227877,HGB
Dak Prescott,QB,2024,23.49,21.42,-2.0727737450407764,2.0727737450407764,HGB
Jameis Winston,QB,2024,1.57,1.54,-0.02170435163387028,0.02170435163387028,HGB
Jayden Daniels,QB,2024,3.69,3.8,0.10726910707971812,0.10726910707971812,HGB
Jimmy Garoppolo,QB,2024,1.24,2.14,0.8946680409850922,0.8946680409850922,HGB
Jamaal Charles,RB,2014,5.26,7.05,1.7883223781309916,1.7883223781309916,LightGBM
Pierre Thomas,RB,2014,1.73,2.17,0.43748106189251434,0.43748106189251434,LightGBM
Maurice Jones-Drew,RB,2014,1.88,1.93,0.05431451983508723,0.05431451983508723,LightGBM
Fred Jackson,RB,2014,1.95,1.94,-0.014757415109156388,0.014757415109156388,LightGBM
Danny Woodhead,RB,2014,2.07,2.31,0.2410068717310202,0.2410068717310202,LightGBM
Dexter McCluster,RB,2014,2.26,2.83,0.5790390230282251,0.5790390230282251,LightGBM
Rashad Jennings,RB,2014,1.88,1.93,0.05431451983508723,0.05431451983508723,LightGBM
Joique Bell,RB,2014,2.33,3.03,0.6980472087095617,0.6980472087095617,LightGBM
Toby Gerhart,RB,2014,2.63,3.46,0.8329082274884315,0.8329082274884315,LightGBM
Donald Brown,RB,2014,2.63,3.46,0.8329082274884315,0.8329082274884315,LightGBM
Darren Sproles,RB,2014,2.63,3.46,0.8329082274884315,0.8329082274884315,LightGBM
Chris Johnson,RB,2014,3.01,6.35,3.3464742557207536,3.3464742557207536,LightGBM
Knowshon Moreno,RB,2014,2.26,2.83,0.5790390230282251,0.5790390230282251,LightGBM
Todd Gurley,RB,2015,2.41,2.42,0.003573714219200913,0.003573714219200913,LightGBM
Bilal Powell,RB,2015,1.4,1.57,0.170537648388607,0.170537648388607,LightGBM
DeAngelo Williams,RB,2015,1.4,1.57,0.170537648388607,0.170537648388607,LightGBM
Roy Helu,RB,2015,1.43,1.88,0.4501375127288199,0.4501375127288199,LightGBM
Reggie Bush,RB,2015,1.74,2.14,0.3961304504360583,0.3961304504360583,LightGBM
Justin Forsett,RB,2015,2.09,3.43,1.3394502034346514,1.3394502034346514,LightGBM
Donald Brown,RB,2015,2.27,2.09,-0.17392193382169893,0.17392193382169893,LightGBM
Ryan Mathews,RB,2015,2.56,2.46,-0.09461390792933656,0.09461390792933656,LightGBM
Melvin Gordon,RB,2015,1.86,1.99,0.13067844893612096,0.13067844893612096,LightGBM
C.J. Spiller,RB,2015,2.79,2.81,0.017113880298788922,0.017113880298788922,LightGBM
Frank Gore,RB,2015,2.79,2.81,0.017113880298788922,0.017113880298788922,LightGBM
Shane Vereen,RB,2015,2.87,3.55,0.6770688934142386,0.6770688934142386,LightGBM
DeMarco Murray,RB,2015,5.58,6.4,0.8198747424970864,0.8198747424970864,LightGBM
LeSean McCoy,RB,2015,5.59,6.37,0.7810244190719539,0.7810244190719539,LightGBM
Marshawn Lynch,RB,2015,8.38,6.36,-2.0156032014961895,2.0156032014961895,LightGBM
Adrian Peterson,RB,2015,9.77,4.95,-4.825715226623915,4.825715226623915,LightGBM
Mark Ingram,RB,2015,2.79,2.81,0.017113880298788922,0.017113880298788922,LightGBM
Ronnie Hillman,RB,2016,1.29,1.25,-0.0397385192377692,0.0397385192377692,LightGBM
James Starks,RB,2016,1.93,1.47,-0.4662703456846986,0.4662703456846986,LightGBM
Bilal Powell,RB,2016,2.42,1.16,-1.2532067057267093,1.2532067057267093,LightGBM
Theo Riddick,RB,2016,2.48,1.81,-0.6731289103641354,0.6731289103641354,LightGBM
Matt Forte,RB,2016,2.58,1.65,-0.9273925352245675,0.9273925352245675,LightGBM
C.J. Anderson,RB,2016,2.9,1.51,-1.3920851009908273,1.3920851009908273,LightGBM
Darren Sproles,RB,2016,2.9,1.51,-1.3920851009908273,1.3920851009908273,LightGBM
Ezekiel Elliott,RB,2016,4.02,2.21,-1.8044987731654947,1.8044987731654947,LightGBM
DeMarco Murray,RB,2016,4.11,3.24,-0.864581284948232,0.864581284948232,LightGBM
Chris Ivory,RB,2016,4.12,3.02,-1.09837126392558,1.09837126392558,LightGBM
Lamar Miller,RB,2016,4.19,4.46,0.27177672523080315,0.27177672523080315,LightGBM
Doug Martin,RB,2016,4.6,4.62,0.011892659949775536,0.011892659949775536,LightGBM
Giovani Bernard,RB,2016,3.33,1.93,-1.3982964836631682,1.3982964836631682,LightGBM
Chris Thompson,RB,2017,2.1,2.01,-0.09061886702226227,0.09061886702226227,LightGBM
Jamaal Charles,RB,2017,1.5,1.43,-0.07108174489951405,0.07108174489951405,LightGBM
Isaiah Crowell,RB,2017,1.64,1.6,-0.0473907781833309,0.0473907781833309,LightGBM
Danny Woodhead,RB,2017,1.76,1.82,0.05911439344606535,0.05911439344606535,LightGBM
Rex Burkhead,RB,2017,1.89,1.5,-0.38414871126140027,0.38414871126140027,LightGBM
Mike Gillislee,RB,2017,1.92,1.56,-0.35423682557070585,0.35423682557070585,LightGBM
Shane Vereen,RB,2017,1.95,1.94,-0.0063199887835010266,0.0063199887835010266,LightGBM
Jonathan Stewart,RB,2017,2.4,2.14,-0.2514916555783502,0.2514916555783502,LightGBM
Adrian Peterson,RB,2017,2.1,2.01,-0.09061886702226227,0.09061886702226227,LightGBM
James White,RB,2017,2.4,2.14,-0.2514916555783502,0.2514916555783502,LightGBM
Eddie Lacy,RB,2017,2.54,2.49,-0.050019490269374856,0.050019490269374856,LightGBM
Christian McCaffrey,RB,2017,2.58,2.66,0.07702454752797419,0.07702454752797419,LightGBM
Marshawn Lynch,RB,2017,2.69,2.95,0.2547395156283355,0.2547395156283355,LightGBM
Latavius Murray,RB,2017,2.99,3.47,0.47862204216888027,0.47862204216888027,LightGBM
Leonard Fournette,RB,2017,4.06,4.0,-0.06366348796546656,0.06366348796546656,LightGBM
Devonta Freeman,RB,2017,4.94,5.75,0.8070464599973459,0.8070464599973459,LightGBM
Le'Veon Bell,RB,2017,7.26,7.1,-0.15725611947128432,0.15725611947128432,LightGBM
Jonathan Stewart,RB,2018,1.95,2.19,0.24423460592318674,0.24423460592318674,LightGBM
Rex Burkhead,RB,2018,1.83,1.89,0.052665523444325735,0.052665523444325735,LightGBM
Corey Grant,RB,2018,1.64,1.76,0.11870808731036103,0.11870808731036103,LightGBM
LeGarrette Blount,RB,2018,1.13,1.48,0.35206620814281603,0.35206620814281603,LightGBM
Damien Williams,RB,2018,1.44,1.38,-0.06206072836258229,0.06206072836258229,LightGBM
Sony Michel,RB,2018,1.36,1.33,-0.02849046643806242,0.02849046643806242,LightGBM
Latavius Murray,RB,2018,2.26,2.89,0.6278747208659622,0.6278747208659622,LightGBM
Chris Ivory,RB,2018,1.55,1.5,-0.048353806209401606,0.048353806209401606,LightGBM
Isaiah Crowell,RB,2018,2.26,2.89,0.6278747208659622,0.6278747208659622,LightGBM
Rashaad Penny,RB,2018,1.52,1.5,-0.019256677722064713,0.019256677722064713,LightGBM
Dion Lewis,RB,2018,2.79,2.67,-0.1194040679369679,0.1194040679369679,LightGBM
Marshawn Lynch,RB,2018,2.54,2.46,-0.07819312779672773,0.07819312779672773,LightGBM
Todd Gurley,RB,2018,8.11,6.73,-1.381857377181042,1.381857377181042,LightGBM
David Johnson,RB,2018,7.34,5.19,-2.145667241414083,2.145667241414083,LightGBM
Le'Veon Bell,RB,2018,8.21,7.25,-0.957496914410426,0.957496914410426,LightGBM
Jerick McKinnon,RB,2018,4.23,3.08,-1.1552736666190777,1.1552736666190777,LightGBM
Duke Johnson,RB,2018,2.94,2.94,0.0015351745154493918,0.0015351745154493918,LightGBM
Carlos Hyde,RB,2018,2.87,3.16,0.2902056699161357,0.2902056699161357,LightGBM
Saquon Barkley,RB,2018,4.4,3.74,-0.6606659206137955,0.6606659206137955,LightGBM
Frank Gore,RB,2019,1.06,1.5,0.4421707008236037,0.4421707008236037,LightGBM
Josh Jacobs,RB,2019,1.59,2.45,0.8654391861054246,0.8654391861054246,LightGBM
Peyton Barber,RB,2019,1.13,1.46,0.32611085414124225,0.32611085414124225,LightGBM
Theo Riddick,RB,2019,1.33,1.53,0.19934560511040023,0.19934560511040023,LightGBM
Adrian Peterson,RB,2019,1.34,1.78,0.4400860123113925,0.4400860123113925,LightGBM
Carlos Hyde,RB,2019,1.49,2.08,0.5942849847987677,0.5942849847987677,LightGBM
Raheem Mostert,RB,2019,1.54,2.14,0.5978522055320653,0.5978522055320653,LightGBM
Mike Davis,RB,2019,1.59,2.7,1.1019705362363834,1.1019705362363834,LightGBM
Latavius Murray,RB,2019,1.91,2.9,0.9900482737895899,0.9900482737895899,LightGBM
Jalen Richard,RB,2019,1.64,3.15,1.5076349941598288,1.5076349941598288,LightGBM
Tevin Coleman,RB,2019,2.26,4.2,1.9457932010848902,1.9457932010848902,LightGBM
Mark Ingram,RB,2019,2.66,5.14,2.482931159308265,2.482931159308265,LightGBM
Giovani Bernard,RB,2019,2.74,4.77,2.0373025455074076,2.0373025455074076,LightGBM
Le'Veon Bell,RB,2019,6.97,7.54,0.5681434802657079,0.5681434802657079,LightGBM
Ezekiel Elliott,RB,2019,7.97,7.45,-0.5245058675448457,0.5245058675448457,LightGBM
LeSean McCoy,RB,2019,1.59,2.7,1.1019705362363834,1.1019705362363834,LightGBM
Carlos Hyde,RB,2020,1.39,1.09,-0.3008666256492402,0.3008666256492402,LightGBM
Jalen Richard,RB,2020,1.77,1.27,-0.4948541449036498,0.4948541449036498,LightGBM
Matt Breida,RB,2020,1.64,1.21,-0.43925832156805794,0.43925832156805794,LightGBM
Clyde Edwards-Helaire,RB,2020,1.36,1.01,-0.35454780394315827,0.35454780394315827,LightGBM
Jordan Howard,RB,2020,2.46,1.26,-1.1988085176994296,1.1988085176994296,LightGBM
Brian Hill,RB,2020,1.08,0.81,-0.2630676612169742,0.2630676612169742,LightGBM
Rex Burkhead,RB,2020,1.01,0.76,-0.24687290292744885,0.24687290292744885,LightGBM
Leonard Fournette,RB,2020,1.01,0.76,-0.24687290292744885,0.24687290292744885,LightGBM
D'Andre Swift,RB,2020,1.08,1.01,-0.06662449415506827,0.06662449415506827,LightGBM
Todd Gurley,RB,2020,2.77,2.03,-0.7480064041682541,0.7480064041682541,LightGBM
Kenyan Drake,RB,2020,4.28,2.87,-1.4110876741969491,1.4110876741969491,LightGBM
Kareem Hunt,RB,2020,3.03,1.63,-1.394940449173188,1.394940449173188,LightGBM
Austin Ekeler,RB,2020,3.09,2.68,-0.4139553792436027,0.4139553792436027,LightGBM
Melvin Gordon,RB,2020,4.04,2.33,-1.7113216389640022,1.7113216389640022,LightGBM
Tarik Cohen,RB,2020,2.9,2.18,-0.7227138926016542,0.7227138926016542,LightGBM
Joe Mixon,RB,2020,6.05,3.43,-2.627324973640806,2.627324973640806,LightGBM
Derrick Henry,RB,2020,6.31,5.47,-0.8334851117708597,0.8334851117708597,LightGBM
Dalvin Cook,RB,2020,6.36,4.56,-1.798526586751479,1.798526586751479,LightGBM
Alvin Kamara,RB,2020,7.57,5.22,-2.349445295863924,2.349445295863924,LightGBM
Christian McCaffrey,RB,2020,8.08,5.96,-2.123207677496862,2.123207677496862,LightGBM
Devontae Booker,RB,2021,1.51,1.35,-0.15572323217737832,0.15572323217737832,LightGBM
Mike Davis,RB,2021,1.51,1.35,-0.15572323217737832,0.15572323217737832,LightGBM
Rex Burkhead,RB,2021,1.37,1.22,-0.15339691589415141,0.15339691589415141,LightGBM
Mark Ingram,RB,2021,1.37,1.22,-0.15339691589415141,0.15339691589415141,LightGBM
Marlon Mack,RB,2021,1.1,1.5,0.4024635481018588,0.4024635481018588,LightGBM
Carlos Hyde,RB,2021,1.23,1.05,-0.18266484658259266,0.18266484658259266,LightGBM
Javonte Williams,RB,2021,1.21,0.73,-0.4836391500902895,0.4836391500902895,LightGBM
Jamaal Williams,RB,2021,1.64,1.51,-0.1291274466305335,0.1291274466305335,LightGBM
James White,RB,2021,1.35,1.39,0.04545512317159928,0.04545512317159928,LightGBM
Travis Etienne,RB,2021,1.77,1.62,-0.14912181424362736,0.14912181424362736,LightGBM
Jeff Wilson,RB,2021,1.12,0.93,-0.1887902881447809,0.1887902881447809,LightGBM
Leonard Fournette,RB,2021,1.78,1.72,-0.06155497788373175,0.06155497788373175,LightGBM
Najee Harris,RB,2021,1.79,1.87,0.08088510621772384,0.08088510621772384,LightGBM
Gus Edwards,RB,2021,2.26,1.96,-0.30424191192406913,0.30424191192406913,LightGBM
David Johnson,RB,2021,2.74,2.51,-0.22551072016850984,0.22551072016850984,LightGBM
Chris Carson,RB,2021,2.86,3.59,0.7372900862561829,0.7372900862561829,LightGBM
Kenyan Drake,RB,2021,3.01,3.64,0.6236190747367074,0.6236190747367074,LightGBM
Nyheim Miller-Hines,RB,2021,3.4,3.45,0.0575036916775358,0.0575036916775358,LightGBM
Aaron Jones,RB,2021,6.58,5.19,-1.3860023445082186,1.3860023445082186,LightGBM
Phillip Lindsay,RB,2021,1.78,1.72,-0.06155497788373175,0.06155497788373175,LightGBM
Nick Chubb,RB,2021,6.68,5.78,-0.9013812110737478,0.9013812110737478,LightGBM
D'Ernest Johnson,RB,2022,1.17,1.77,0.6017587867208132,0.6017587867208132,LightGBM
Breece Hall,RB,2022,1.08,1.91,0.8246500250317111,0.8246500250317111,LightGBM
D'Onta Foreman,RB,2022,0.96,1.42,0.4615041307227636,0.4615041307227636,LightGBM
Kenneth Walker III,RB,2022,1.01,1.71,0.6956934981835629,0.6956934981835629,LightGBM
Marlon Mack,RB,2022,0.96,1.42,0.4615041307227636,0.4615041307227636,LightGBM
Raheem Mostert,RB,2022,1.02,1.63,0.6110993450075224,0.6110993450075224,LightGBM
Melvin Gordon,RB,2022,1.2,2.0,0.7984478881264112,0.7984478881264112,LightGBM
James White,RB,2022,1.2,2.0,0.7984478881264112,0.7984478881264112,LightGBM
J.D. McKissic,RB,2022,1.68,2.82,1.1407229239401708,1.1407229239401708,LightGBM
Cordarrelle Patterson,RB,2022,2.52,2.9,0.37532282646948606,0.37532282646948606,LightGBM
Rashaad Penny,RB,2022,2.76,3.13,0.36865540892779236,0.36865540892779236,LightGBM
Chase Edmonds,RB,2022,2.91,3.64,0.7353749962228311,0.7353749962228311,LightGBM
Leonard Fournette,RB,2022,3.36,4.95,1.5909155324870285,1.5909155324870285,LightGBM
James Conner,RB,2022,3.36,4.95,1.5909155324870285,1.5909155324870285,LightGBM
Brandon Bolden,RB,2022,1.2,1.92,0.7129101544533618,0.7129101544533618,LightGBM
Gus Edwards,RB,2023,1.51,1.05,-0.4549809088222374,0.4549809088222374,LightGBM
Ezekiel Elliott,RB,2023,1.33,1.27,-0.06121384375106804,0.06121384375106804,LightGBM
Jeff Wilson,RB,2023,1.33,1.27,-0.06121384375106804,0.06121384375106804,LightGBM
Raheem Mostert,RB,2023,1.25,0.96,-0.2818141799878297,0.2818141799878297,LightGBM
Devin Singletary,RB,2023,1.22,1.59,0.36475727098663135,0.36475727098663135,LightGBM
D'Onta Foreman,RB,2023,0.89,0.99,0.10369196895334884,0.10369196895334884,LightGBM
James Robinson,RB,2023,0.89,0.99,0.10369196895334884,0.10369196895334884,LightGBM
Boston Scott,RB,2023,0.89,0.99,0.10369196895334884,0.10369196895334884,LightGBM
Travis Homer,RB,2023,0.89,0.99,0.10369196895334884,0.10369196895334884,LightGBM
Alexander Mattison,RB,2023,1.56,0.94,-0.621767452246686,0.621767452246686,LightGBM
Justice Hill,RB,2023,1.0,1.0,-0.005696814086731533,0.005696814086731533,LightGBM
Samaje Perine,RB,2023,1.67,1.21,-0.4622569753873238,0.4622569753873238,LightGBM
Aaron Jones,RB,2023,5.12,5.21,0.08975283928978964,0.08975283928978964,LightGBM
Jahmyr Gibbs,RB,2023,1.98,1.46,-0.5243998912865314,0.5243998912865314,LightGBM
Nyheim Miller-Hines,RB,2023,2.0,1.54,-0.4662382578502737,0.4662382578502737,LightGBM
Bijan Robinson,RB,2023,2.44,2.43,-0.010202810790324937,0.010202810790324937,LightGBM
Joe Mixon,RB,2023,2.56,2.11,-0.4440396689072607,0.4440396689072607,LightGBM
David Montgomery,RB,2023,2.67,2.46,-0.20762739400017882,0.20762739400017882,LightGBM
Miles Sanders,RB,2023,2.82,2.89,0.06694519640651174,0.06694519640651174,LightGBM
Dalvin Cook,RB,2023,3.11,3.57,0.4539528979796908,0.4539528979796908,LightGBM
Saquon Barkley,RB,2023,4.49,4.19,-0.3001145613886168,0.3001145613886168,LightGBM
Tony Pollard,RB,2023,4.49,4.19,-0.3001145613886168,0.3001145613886168,LightGBM
Josh Jacobs,RB,2023,5.25,6.26,1.0176478551114136,1.0176478551114136,LightGBM
Jonathan Taylor,RB,2023,6.23,6.08,-0.14795731343482735,0.14795731343482735,LightGBM
Jamaal Williams,RB,2023,1.78,1.36,-0.4215691806986171,0.4215691806986171,LightGBM
Austin Ekeler,RB,2024,1.65,2.19,0.5377555157016795,0.5377555157016795,LightGBM
Raheem Mostert,RB,2024,1.62,2.31,0.6952349329135018,0.6952349329135018,LightGBM
Zack Moss,RB,2024,1.57,1.22,-0.35012912467461255,0.35012912467461255,LightGBM
Antonio Gibson,RB,2024,1.47,1.0,-0.4700955511514194,0.4700955511514194,LightGBM
Jonathon Brooks,RB,2024,0.82,1.3,0.47195625232630317,0.47195625232630317,LightGBM
Justice Hill,RB,2024,1.17,1.12,-0.0514838113355098,0.0514838113355098,LightGBM
DeeJay Dallas,RB,2024,1.08,1.01,-0.06703461985501369,0.06703461985501369,LightGBM
A.J. Dillon,RB,2024,1.07,1.61,0.5394845328750533,0.5394845328750533,LightGBM
Nick Chubb,RB,2024,0.89,1.92,1.0336536847983637,1.0336536847983637,LightGBM
Devin Singletary,RB,2024,2.15,1.76,-0.3977645099369001,0.3977645099369001,LightGBM
Gus Edwards,RB,2024,1.27,1.03,-0.24450582708801533,0.24450582708801533,LightGBM
Aaron Jones,RB,2024,2.74,1.73,-1.013788539274877,1.013788539274877,LightGBM
David Montgomery,RB,2024,3.57,2.54,-1.0307067622180484,1.0307067622180484,LightGBM
Derrick Henry,RB,2024,3.13,2.83,-0.3030036797141443,0.3030036797141443,LightGBM
D'Andre Swift,RB,2024,3.13,2.83,-0.3030036797141443,0.3030036797141443,LightGBM
Chuba Hubbard,RB,2024,3.25,2.19,-1.0574303351836776,1.0574303351836776,LightGBM
Rhamondre Stevenson,RB,2024,3.52,1.87,-1.6576107510712879,1.6576107510712879,LightGBM
James Conner,RB,2024,3.72,2.66,-1.0622167133833884,1.0622167133833884,LightGBM
Joe Mixon,RB,2024,3.87,3.69,-0.17198759366008898,0.17198759366008898,LightGBM
Josh Jacobs,RB,2024,4.7,4.41,-0.2885106214894642,0.2885106214894642,LightGBM
Alvin Kamara,RB,2024,4.8,4.21,-0.5894833098300911,0.5894833098300911,LightGBM
Saquon Barkley,RB,2024,4.93,5.44,0.5085671985527652,0.5085671985527652,LightGBM
Christian McCaffrey,RB,2024,7.44,7.09,-0.3524971954965442,0.3524971954965442,LightGBM
Ezekiel Elliott,RB,2024,0.78,1.35,0.5694853191494497,0.5694853191494497,LightGBM
Tony Pollard,RB,2024,2.84,2.14,-0.7033216473253594,0.7033216473253594,LightGBM
Alexander Mattison,RB,2024,0.78,1.35,0.5694853191494497,0.5694853191494497,LightGBM
Jimmy Graham,TE,2014,7.52,7.12,-0.4004558533152361,0.4004558533152361,HGB
Brandon Myers,TE,2014,1.6,2.14,0.5397594594602348,0.5397594594602348,HGB
Scott Chandler,TE,2014,1.79,2.46,0.6792124467396448,0.6792124467396448,HGB
Zach Miller,TE,2014,2.26,3.08,0.8205016561787005,0.8205016561787005,HGB
Eric Ebron,TE,2014,2.3,3.4,1.0985177456149378,1.0985177456149378,HGB
Craig Stevens,TE,2014,1.95,2.62,0.667394367483536,0.667394367483536,HGB
Brandon Pettigrew,TE,2014,3.01,4.56,1.5521646398076256,1.5521646398076256,HGB
Heath Miller,TE,2014,3.01,4.56,1.5521646398076256,1.5521646398076256,HGB
Dennis Pitta,TE,2014,4.81,5.86,1.0450072222187154,1.0450072222187154,HGB
Kyle Rudolph,TE,2014,5.49,6.04,0.5525893974401994,0.5525893974401994,HGB
Garrett Graham,TE,2014,2.82,4.38,1.5579319978343085,1.5579319978343085,HGB
Virgil Green,TE,2015,1.95,1.82,-0.13422885292666104,0.13422885292666104,HGB
Niles Paul,TE,2015,1.4,1.53,0.13326043427097384,0.13326043427097384,HGB
Ed Dickson,TE,2015,1.58,1.68,0.09700557249434708,0.09700557249434708,HGB
Anthony Fasano,TE,2015,1.83,1.68,-0.15670680449970456,0.15670680449970456,HGB
Scott Chandler,TE,2015,1.85,1.97,0.1253332196868545,0.1253332196868545,HGB
Marcedes Lewis,TE,2015,1.85,1.97,0.1253332196868545,0.1253332196868545,HGB
Lee Smith,TE,2015,2.12,2.24,0.12445130958468019,0.12445130958468019,HGB
Owen Daniels,TE,2015,2.85,2.91,0.05560019740731108,0.05560019740731108,HGB
Gary Barnidge,TE,2015,2.86,3.2,0.33714424884684624,0.33714424884684624,HGB
Lance Kendricks,TE,2015,3.25,3.55,0.3011614425653786,0.3011614425653786,HGB
Greg Olsen,TE,2015,5.23,6.16,0.9222672534233194,0.9222672534233194,HGB
Jordan Cameron,TE,2015,5.23,6.16,0.9222672534233194,0.9222672534233194,HGB
Charles Clay,TE,2015,5.3,5.22,-0.08307461851512904,0.08307461851512904,HGB
Julius Thomas,TE,2015,6.42,5.56,-0.8658052257385238,0.8658052257385238,HGB
Jermaine Gresham,TE,2015,2.18,2.62,0.4369493172790152,0.4369493172790152,HGB
Ben Watson,TE,2016,2.25,1.72,-0.535705243732474,0.535705243732474,HGB
Jermaine Gresham,TE,2016,2.25,1.72,-0.535705243732474,0.535705243732474,HGB
Zach Miller,TE,2016,1.93,1.55,-0.3796178014933413,0.3796178014933413,HGB
Jared Cook,TE,2016,1.77,1.37,-0.3983109719595368,0.3983109719595368,HGB
Vernon Davis,TE,2016,1.55,1.21,-0.3382870930529242,0.3382870930529242,HGB
Garrett Celek,TE,2016,1.61,1.12,-0.4943154499558733,0.4943154499558733,HGB
Ryan Hewitt,TE,2016,1.61,1.12,-0.4943154499558733,0.4943154499558733,HGB
Josh Hill,TE,2016,1.52,1.02,-0.49930507381044287,0.49930507381044287,HGB
James Hanna,TE,2016,1.77,1.37,-0.3983109719595368,0.3983109719595368,HGB
Brent Celek,TE,2016,2.58,1.96,-0.6193111292190533,0.6193111292190533,HGB
Zach Ertz,TE,2016,5.47,5.0,-0.47904840522085823,0.47904840522085823,HGB
Ladarius Green,TE,2016,3.22,2.29,-0.9334296804317864,0.9334296804317864,HGB
Marcedes Lewis,TE,2016,2.58,1.96,-0.6193111292190533,0.6193111292190533,HGB
Jordan Reed,TE,2016,6.02,6.03,0.009832909392566702,0.009832909392566702,HGB
Dwayne Allen,TE,2016,4.73,3.35,-1.3860727120457286,1.3860727120457286,HGB
Coby Fleener,TE,2016,4.64,3.29,-1.3488926770314207,1.3488926770314207,HGB
Travis Kelce,TE,2016,6.03,6.0,-0.03826457242867287,0.03826457242867287,HGB
Vance McDonald,TE,2016,4.19,2.91,-1.2728515550927335,1.2728515550927335,HGB
Jordan Cameron,TE,2016,3.86,2.25,-1.6171620208364004,1.6171620208364004,HGB
Antonio Gates,TE,2016,3.54,2.89,-0.6506845537957069,0.6506845537957069,HGB
Delanie Walker,TE,2016,4.31,4.3,-0.005593657408255875,0.005593657408255875,HGB
Brent Celek,TE,2017,2.1,2.25,0.1493101145485048,0.1493101145485048,HGB
Lance Kendricks,TE,2017,1.2,1.04,-0.1527078184432035,0.1527078184432035,HGB
Lee Smith,TE,2017,1.2,1.04,-0.1527078184432035,0.1527078184432035,HGB
David Njoku,TE,2017,1.43,1.45,0.026825820397799807,0.026825820397799807,HGB
Evan Engram,TE,2017,1.6,1.62,0.01219766667029179,0.01219766667029179,HGB
Trey Burton,TE,2017,1.64,1.2,-0.43977388919615307,0.43977388919615307,HGB
Anthony Fasano,TE,2017,1.65,1.44,-0.2082358653264506,0.2082358653264506,HGB
Dennis Pitta,TE,2017,1.8,2.24,0.44481550882952725,0.44481550882952725,HGB
Ryan Griffin,TE,2017,1.8,2.24,0.44481550882952725,0.44481550882952725,HGB
Levine Toilolo,TE,2017,2.4,2.11,-0.287847814750972,0.287847814750972,HGB
O.J. Howard,TE,2017,1.66,1.69,0.0315265607224377,0.0315265607224377,HGB
Vernon Davis,TE,2017,2.99,2.73,-0.2666138178762753,0.2666138178762753,HGB
Martellus Bennett,TE,2017,4.19,5.63,1.4372825556231539,1.4372825556231539,HGB
Jermaine Gresham,TE,2017,4.19,5.63,1.4372825556231539,1.4372825556231539,HGB
Jason Witten,TE,2017,3.89,4.2,0.306076465494725,0.306076465494725,HGB
Jack Doyle,TE,2017,3.77,3.79,0.02109587328958662,0.02109587328958662,HGB
C.J. Fiedorowicz,TE,2017,4.34,5.19,0.8517562819245608,0.8517562819245608,HGB
Rhett Ellison,TE,2017,2.69,2.31,-0.38673034468322437,0.38673034468322437,HGB
Dion Sims,TE,2017,3.59,3.15,-0.44160427846190387,0.44160427846190387,HGB
Jared Cook,TE,2017,3.17,2.8,-0.3738962243353683,0.3738962243353683,HGB
Julius Thomas,TE,2017,3.65,3.12,-0.5344846719591962,0.5344846719591962,HGB
Josh Hill,TE,2018,1.66,2.07,0.40781497687974905,0.40781497687974905,HGB
Ben Watson,TE,2018,1.13,1.37,0.23833419297363545,0.23833419297363545,HGB
Marcedes Lewis,TE,2018,1.19,1.65,0.46566788701294987,0.46566788701294987,HGB
Niles Paul,TE,2018,1.34,1.51,0.16880437673660442,0.16880437673660442,HGB
Luke Willson,TE,2018,1.41,1.67,0.2570275113702558,0.2570275113702558,HGB
Antonio Gates,TE,2018,1.41,1.67,0.2570275113702558,0.2570275113702558,HGB
Hayden Hurst,TE,2018,1.56,1.7,0.1401614022041928,0.1401614022041928,HGB
Virgil Green,TE,2018,1.62,2.16,0.5397104216922678,0.5397104216922678,HGB
Lee Smith,TE,2018,1.69,1.91,0.21457985130718601,0.21457985130718601,HGB
Ed Dickson,TE,2018,2.01,2.61,0.5932469027576125,0.5932469027576125,HGB
Austin Seferian-Jenkins,TE,2018,2.82,2.99,0.1717264115746145,0.1717264115746145,HGB
Dwayne Allen,TE,2018,3.08,3.14,0.06829255826000628,0.06829255826000628,HGB
Tyler Eifert,TE,2018,3.1,3.54,0.4315232878271211,0.4315232878271211,HGB
Eric Ebron,TE,2018,3.67,3.66,-0.011709177979599139,0.011709177979599139,HGB
Cameron Brate,TE,2018,3.84,4.79,0.953975552485413,0.953975552485413,HGB
Trey Burton,TE,2018,4.51,3.97,-0.5475972218918302,0.5475972218918302,HGB
Delanie Walker,TE,2018,4.8,6.24,1.4393772571945038,1.4393772571945038,HGB
Greg Olsen,TE,2018,4.83,5.98,1.159144771796547,1.159144771796547,HGB
Jimmy Graham,TE,2018,5.64,6.25,0.6097470150230655,0.6097470150230655,HGB
Darren Fells,TE,2018,2.26,2.88,0.6217214456479204,0.6217214456479204,HGB
Dwayne Allen,TE,2019,1.73,1.89,0.16288683903625534,0.16288683903625534,HGB
Ryan Griffin,TE,2019,1.69,1.68,-0.012630612596210844,0.012630612596210844,HGB
Noah Fant,TE,2019,1.67,1.56,-0.11021228530504433,0.11021228530504433,HGB
Demetrius Harris,TE,2019,1.59,1.65,0.05949276816622148,0.05949276816622148,HGB
Lee Smith,TE,2019,1.59,1.65,0.05949276816622148,0.05949276816622148,HGB
Xavier Grimble,TE,2019,1.08,1.2,0.12431755890368844,0.12431755890368844,HGB
Ben Watson,TE,2019,1.25,1.31,0.06551513809091772,0.06551513809091772,HGB
Maxx Williams,TE,2019,1.24,1.15,-0.08827911392075058,0.08827911392075058,HGB
Charles Clay,TE,2019,1.06,1.34,0.27238663909406985,0.27238663909406985,HGB
Marcedes Lewis,TE,2019,1.12,1.14,0.027059288602479352,0.027059288602479352,HGB
Luke Stocker,TE,2019,1.46,1.12,-0.3440261800587936,0.3440261800587936,HGB
Geoff Swaim,TE,2019,1.75,1.7,-0.0503809327873285,0.0503809327873285,HGB
Jared Cook,TE,2019,3.99,5.48,1.4945513237601973,1.4945513237601973,HGB
Jeff Heuerman,TE,2019,2.13,1.94,-0.18760029641147896,0.18760029641147896,HGB
Tyler Eifert,TE,2019,2.13,1.94,-0.18760029641147896,0.18760029641147896,HGB
Darren Waller,TE,2019,4.02,5.35,1.3258988997337426,1.3258988997337426,HGB
Tyler Higbee,TE,2019,3.85,3.92,0.06677145337083273,0.06677145337083273,HGB
Jack Doyle,TE,2019,3.77,3.8,0.023485652100891513,0.023485652100891513,HGB
Tyler Kroft,TE,2019,3.32,3.4,0.07965700268420944,0.07965700268420944,HGB
Kyle Rudolph,TE,2019,4.8,4.98,0.18027364987681024,0.18027364987681024,HGB
Nick Boyle,TE,2019,3.19,2.93,-0.25357916036393147,0.25357916036393147,HGB
Jesse James,TE,2019,3.0,2.76,-0.23750868619626386,0.23750868619626386,HGB
T.J. Hockenson,TE,2019,2.63,2.38,-0.24994531644747414,0.24994531644747414,HGB
Jason Witten,TE,2019,2.26,2.19,-0.06925001027606806,0.06925001027606806,HGB
C.J. Uzomah,TE,2019,3.24,3.18,-0.05863210767469429,0.05863210767469429,HGB
Jacob Hollister,TE,2020,1.64,1.77,0.12581865929564076,0.12581865929564076,HGB
Cethan Carter,TE,2020,1.08,1.01,-0.0699922467475465,0.0699922467475465,HGB
Marcedes Lewis,TE,2020,1.16,1.07,-0.09021019459068014,0.09021019459068014,HGB
Adam Shaheen,TE,2020,1.22,1.02,-0.2076029841069329,0.2076029841069329,HGB
MyCole Pruitt,TE,2020,1.26,1.17,-0.0937453453441135,0.0937453453441135,HGB
Nick Vannett,TE,2020,1.44,1.31,-0.12652026148042023,0.12652026148042023,HGB
Logan Thomas,TE,2020,1.55,1.28,-0.2673343520645877,0.2673343520645877,HGB
Levine Toilolo,TE,2020,1.56,1.38,-0.18689377079665165,0.18689377079665165,HGB
Darren Fells,TE,2020,1.59,1.59,0.000981861806789372,0.000981861806789372,HGB
Jason Witten,TE,2020,2.02,1.74,-0.2815069064686846,0.2815069064686846,HGB
Travis Kelce,TE,2020,7.22,6.86,-0.36569361458849287,0.36569361458849287,HGB
Tyler Eifert,TE,2020,2.4,1.98,-0.4188993248369199,0.4188993248369199,HGB
Vance McDonald,TE,2020,2.6,2.56,-0.03416842785448765,0.03416842785448765,HGB
Blake Jarwin,TE,2020,2.77,2.7,-0.07442507190789475,0.07442507190789475,HGB
Eric Ebron,TE,2020,3.03,3.06,0.03447378888645526,0.03447378888645526,HGB
Greg Olsen,TE,2020,3.53,3.35,-0.18226671916903303,0.18226671916903303,HGB
Jimmy Graham,TE,2020,4.04,3.78,-0.25881379130414245,0.25881379130414245,HGB
Austin Hooper,TE,2020,5.3,4.24,-1.0575568684816363,1.0575568684816363,HGB
Hunter Henry,TE,2020,5.35,5.37,0.021576459164942413,0.021576459164942413,HGB
Tyler Kroft,TE,2020,2.02,1.74,-0.2815069064686846,0.2815069064686846,HGB
George Kittle,TE,2020,7.57,6.67,-0.8953692968982949,0.8953692968982949,HGB
Robert Tonyan,TE,2021,1.85,1.82,-0.03110931848938764,0.03110931848938764,HGB
Chris Manhertz,TE,2021,1.82,1.48,-0.3451595682909656,0.3451595682909656,HGB
Ryan Griffin,TE,2021,1.67,1.24,-0.4239063309840915,0.4239063309840915,HGB
Dan Arnold,TE,2021,1.64,1.37,-0.27715956485359716,0.27715956485359716,HGB
Tyler Kroft,TE,2021,1.1,1.2,0.10326644490810319,0.10326644490810319,HGB
Nick Vannett,TE,2021,1.46,1.07,-0.3923830094850544,0.3923830094850544,HGB
Cethan Carter,TE,2021,1.42,1.17,-0.25840527849024586,0.25840527849024586,HGB
Geoff Swaim,TE,2021,1.37,1.03,-0.34437307664942474,0.34437307664942474,HGB
Mo Alie-Cox,TE,2021,1.85,1.82,-0.03110931848938764,0.03110931848938764,HGB
Anthony Firkser,TE,2021,1.64,1.37,-0.27715956485359716,0.27715956485359716,HGB
Marcedes Lewis,TE,2021,2.19,1.46,-0.7302718836100461,0.7302718836100461,HGB
Jared Cook,TE,2021,2.47,2.08,-0.3884688598811581,0.3884688598811581,HGB
Dallas Goedert,TE,2021,7.81,5.6,-2.2080518760714667,2.2080518760714667,HGB
Gerald Everett,TE,2021,3.29,1.79,-1.4984824573874567,1.4984824573874567,HGB
Mark Andrews,TE,2021,7.67,5.95,-1.7250938501392352,1.7250938501392352,HGB
Jonnu Smith,TE,2021,6.85,5.44,-1.4099641116025594,1.4099641116025594,HGB
Taysom Hill,TE,2021,5.48,3.73,-1.7530513892597237,1.7530513892597237,HGB
Kyle Pitts,TE,2021,4.51,3.21,-1.2939208045281099,1.2939208045281099,HGB
Hunter Henry,TE,2021,6.85,5.44,-1.4099641116025594,1.4099641116025594,HGB
Rob Gronkowski,TE,2021,4.38,3.11,-1.2775988373586695,1.2775988373586695,HGB
Nick Boyle,TE,2021,3.56,2.67,-0.8910568268645207,0.8910568268645207,HGB
Cameron Brate,TE,2021,3.3,2.42,-0.8800743189985111,0.8800743189985111,HGB
Kyle Rudolph,TE,2021,3.29,1.79,-1.4984824573874567,1.4984824573874567,HGB
Logan Thomas,TE,2021,4.4,3.86,-0.5337411905976565,0.5337411905976565,HGB
Geoff Swaim,TE,2022,1.68,1.71,0.03340457662354829,0.03340457662354829,HGB
Nick Boyle,TE,2022,2.34,1.87,-0.47348337567491816,0.47348337567491816,HGB
Cameron Brate,TE,2022,1.92,1.97,0.047741471208627775,0.047741471208627775,HGB
Robert Tonyan,TE,2022,1.8,2.06,0.2557896065509019,0.2557896065509019,HGB
Kyle Rudolph,TE,2022,0.96,1.68,0.7202409004365523,0.7202409004365523,HGB
Ian Thomas,TE,2022,2.71,1.95,-0.7613779630881313,0.7613779630881313,HGB
O.J. Howard,TE,2022,1.68,1.71,0.03340457662354829,0.03340457662354829,HGB
Pharaoh Brown,TE,2022,1.68,1.71,0.03340457662354829,0.03340457662354829,HGB
Ryan Griffin,TE,2022,1.08,1.47,0.3914951653657019,0.3914951653657019,HGB
Nick Vannett,TE,2022,1.07,1.49,0.41995537746390266,0.41995537746390266,HGB
Hayden Hurst,TE,2022,1.68,1.71,0.03340457662354829,0.03340457662354829,HGB
Mo Alie-Cox,TE,2022,2.81,2.32,-0.4943700180150126,0.4943700180150126,HGB
Durham Smythe,TE,2022,1.68,1.71,0.03340457662354829,0.03340457662354829,HGB
Gerald Everett,TE,2022,2.88,2.8,-0.08133958717439563,0.08133958717439563,HGB
Austin Hooper,TE,2022,2.88,2.8,-0.08133958717439563,0.08133958717439563,HGB
David Njoku,TE,2022,6.57,6.12,-0.45866088093411833,0.45866088093411833,HGB
Dawson Knox,TE,2022,6.24,6.4,0.1601469797923992,0.1601469797923992,HGB
Mike Gesicki,TE,2022,5.25,4.86,-0.38694371922751647,0.38694371922751647,HGB
Dalton Schultz,TE,2022,5.25,4.86,-0.38694371922751647,0.38694371922751647,HGB
Darren Waller,TE,2022,8.17,6.73,-1.4391311574102534,1.4391311574102534,HGB
Evan Engram,TE,2022,4.32,3.69,-0.6299060423094388,0.6299060423094388,HGB
Will Dissly,TE,2022,3.84,3.43,-0.4124630760293832,0.4124630760293832,HGB
C.J. Uzomah,TE,2022,3.84,3.43,-0.4124630760293832,0.4124630760293832,HGB
Tyler Conklin,TE,2022,3.24,3.15,-0.08856609258302492,0.08856609258302492,HGB
Zach Ertz,TE,2022,5.07,4.33,-0.7415060948447523,0.7415060948447523,HGB
Dalton Kincaid,TE,2023,1.49,1.38,-0.11420013826311907,0.11420013826311907,HGB
Marcedes Lewis,TE,2023,0.89,0.88,-0.0070237614483076305,0.0070237614483076305,HGB
Luke Musgrave,TE,2023,0.94,0.91,-0.03157991706859882,0.03157991706859882,HGB
Michael Mayer,TE,2023,1.04,0.91,-0.12476230141023892,0.12476230141023892,HGB
Sam LaPorta,TE,2023,1.05,1.04,-0.010115901301913435,0.010115901301913435,HGB
Robert Tonyan,TE,2023,1.18,1.25,0.06971246214217391,0.06971246214217391,HGB
Chris Manhertz,TE,2023,1.33,1.24,-0.09670136968533728,0.09670136968533728,HGB
Andrew Beck,TE,2023,1.39,1.42,0.030686015828835025,0.030686015828835025,HGB
Ian Thomas,TE,2023,1.48,1.47,-0.00490560116725991,0.00490560116725991,HGB
Durham Smythe,TE,2023,1.72,1.44,-0.2788400811103471,0.2788400811103471,HGB
Austin Hooper,TE,2023,1.22,1.16,-0.06454521841204544,0.06454521841204544,HGB
Mike Gesicki,TE,2023,2.0,1.66,-0.34337759902876885,0.34337759902876885,HGB
Juwan Johnson,TE,2023,2.67,2.4,-0.27463005873100027,0.27463005873100027,HGB
Dalton Schultz,TE,2023,2.78,2.72,-0.06338500376908904,0.06338500376908904,HGB
Josh Oliver,TE,2023,3.11,2.81,-0.30032919005767605,0.30032919005767605,HGB
Hayden Hurst,TE,2023,3.23,2.94,-0.28511427288961944,0.28511427288961944,HGB
Jonnu Smith,TE,2023,3.34,3.42,0.08435743158437953,0.08435743158437953,HGB
Tyler Higbee,TE,2023,3.78,3.96,0.1769988802790147,0.1769988802790147,HGB
Cole Kmet,TE,2023,5.56,4.33,-1.2278570221533078,1.2278570221533078,HGB
Evan Engram,TE,2023,6.12,5.22,-0.8996460989078303,0.8996460989078303,HGB
T.J. Hockenson,TE,2023,7.34,5.88,-1.454868072204432,1.454868072204432,HGB
Foster Moreau,TE,2023,1.81,1.79,-0.027101760192101143,0.027101760192101143,HGB
Brock Wright,TE,2024,1.57,1.76,0.19403158592659653,0.19403158592659653,HGB
Adam Trautman,TE,2024,1.47,1.69,0.21900828611961365,0.21900828611961365,HGB
Drew Sample,TE,2024,1.37,1.55,0.17788291483210733,0.17788291483210733,HGB
Harrison Bryant,TE,2024,1.27,1.65,0.38023213545435985,0.38023213545435985,HGB
Brevin Jordan,TE,2024,0.82,1.09,0.26696216125778016,0.26696216125778016,HGB
Zach Ertz,TE,2024,1.17,1.41,0.23521555363706198,0.23521555363706198,HGB
Austin Hooper,TE,2024,1.17,1.41,0.23521555363706198,0.23521555363706198,HGB
Mike Gesicki,TE,2024,0.98,1.21,0.23044417617013366,0.23044417617013366,HGB
Charlie Woerner,TE,2024,1.57,1.76,0.19403158592659653,0.19403158592659653,HGB
Pharaoh Brown,TE,2024,1.25,1.56,0.30647072218351507,0.30647072218351507,HGB
Jonnu Smith,TE,2024,1.64,1.64,-0.006176412209492332,0.006176412209492332,HGB
Colby Parkinson,TE,2024,2.94,3.3,0.3605866349107947,0.3605866349107947,HGB
Will Dissly,TE,2024,1.83,2.55,0.7262145636698512,0.7262145636698512,HGB
Gerald Everett,TE,2024,2.35,3.01,0.6602651402579519,0.6602651402579519,HGB
Noah Gray,TE,2024,2.35,3.01,0.6602651402579519,0.6602651402579519,HGB
Hunter Henry,TE,2024,3.52,3.41,-0.11469423499722506,0.11469423499722506,HGB
Dawson Knox,TE,2024,3.85,3.73,-0.11559673294802425,0.11559673294802425,HGB
Noah Fant,TE,2024,4.11,3.89,-0.21660004200596272,0.21660004200596272,HGB
Dalton Schultz,TE,2024,4.7,5.06,0.3571029868891983,0.3571029868891983,HGB
Pat Freiermuth,TE,2024,4.74,5.45,0.7130464034649925,0.7130464034649925,HGB
Travis Kelce,TE,2024,6.71,6.72,0.010976765237469266,0.010976765237469266,HGB
Marcedes Lewis,TE,2024,0.78,1.29,0.5063814067277503,0.5063814067277503,HGB
Brock Bowers,TE,2024,1.78,1.95,0.1703502600038917,0.1703502600038917,HGB
Johnny Mundt,TE,2024,0.78,1.29,0.5063814067277503,0.5063814067277503,HGB
Brandon Marshall,WR,2014,7.52,9.27,1.7462668579284635,1.7462668579284635,Ridge
Matt Slater,WR,2014,1.5,0.95,-0.5547718561013987,0.5547718561013987,Ridge
Miles Austin,WR,2014,1.5,0.95,-0.5547718561013987,0.5547718561013987,Ridge
Brandin Cooks,WR,2014,1.58,1.08,-0.5004809464293252,0.5004809464293252,Ridge
Jerricho Cotchery,WR,2014,1.88,1.87,-0.006007427317676617,0.006007427317676617,Ridge
Odell Beckham Jr.,WR,2014,1.96,1.33,-0.6279600293408176,0.6279600293408176,Ridge
Devin Hester,WR,2014,2.26,0.22,-2.0391521243241617,2.0391521243241617,Ridge
Brandon LaFell,WR,2014,2.33,2.14,-0.19515213192270384,0.19515213192270384,Ridge
Kelvin Benjamin,WR,2014,2.42,1.83,-0.590982856817953,0.590982856817953,Ridge
James Jones,WR,2014,2.51,3.16,0.6557920931528447,0.6557920931528447,Ridge
Andrew Hawkins,WR,2014,2.56,1.24,-1.3163347973483366,1.3163347973483366,Ridge
Eddie Royal,WR,2014,2.63,2.99,0.3626752505616976,0.3626752505616976,Ridge
Jeremy Kerley,WR,2014,2.63,2.99,0.3626752505616976,0.3626752505616976,Ridge
Steve Smith Sr.,WR,2014,2.63,2.99,0.3626752505616976,0.3626752505616976,Ridge
Mike Evans,WR,2014,2.75,2.59,-0.15842160931184118,0.15842160931184118,Ridge
Jacoby Jones,WR,2014,2.26,0.22,-2.0391521243241617,2.0391521243241617,Ridge
Andre Roberts,WR,2014,3.01,1.86,-1.1494457434605907,1.1494457434605907,Ridge
Ted Ginn,WR,2014,2.82,2.72,-0.10140438385029746,0.10140438385029746,Ridge
Jordy Nelson,WR,2014,7.34,8.35,1.0076267539703379,1.0076267539703379,Ridge
DeSean Jackson,WR,2014,6.02,8.18,2.1617172896940184,2.1617172896940184,Ridge
Eric Decker,WR,2014,5.45,8.14,2.688981809289199,2.688981809289199,Ridge
Anquan Boldin,WR,2014,4.51,7.19,2.6827236592520913,2.6827236592520913,Ridge
Roddy White,WR,2014,4.51,7.19,2.6827236592520913,2.6827236592520913,Ridge
Golden Tate,WR,2014,4.66,6.48,1.8195173305351018,1.8195173305351018,Ridge
Emmanuel Sanders,WR,2014,3.76,4.16,0.4036802943211612,0.4036802943211612,Ridge
Sammy Watkins,WR,2014,3.75,3.48,-0.2709393769456857,0.2709393769456857,Ridge
Riley Cooper,WR,2014,3.38,3.93,0.5488346805512869,0.5488346805512869,Ridge
Doug Baldwin,WR,2014,3.26,4.15,0.8959634649420616,0.8959634649420616,Ridge
Julian Edelman,WR,2014,3.2,5.71,2.5122744669564163,2.5122744669564163,Ridge
Hakeem Nicks,WR,2014,3.01,1.86,-1.1494457434605907,1.1494457434605907,Ridge
Jeremy Maclin,WR,2014,4.14,4.85,0.7158491065894237,0.7158491065894237,Ridge
Jarius Wright,WR,2015,2.58,2.49,-0.08807320846482454,0.08807320846482454,Ridge
Jacoby Jones,WR,2015,1.92,0.5,-1.4223387175151097,1.4223387175151097,Ridge
Marques Colston,WR,2015,2.44,4.25,1.8035712962362256,1.8035712962362256,Ridge
Dwayne Harris,WR,2015,2.44,4.25,1.8035712962362256,1.8035712962362256,Ridge
Cole Beasley,WR,2015,2.37,1.71,-0.6602962422061283,0.6602962422061283,Ridge
Cecil Shorts,WR,2015,2.09,2.09,-0.002381566678399602,0.002381566678399602,Ridge
Brian Hartline,WR,2015,2.09,2.09,-0.002381566678399602,0.002381566678399602,Ridge
DeVante Parker,WR,2015,1.9,1.92,0.026388963917613195,0.026388963917613195,Ridge
Ted Ginn,WR,2015,1.47,1.05,-0.41814953200927685,0.41814953200927685,Ridge
Rod Streater,WR,2015,1.64,2.48,0.833000233071391,0.833000233071391,Ridge
Nelson Agholor,WR,2015,1.64,1.55,-0.08773974220148521,0.08773974220148521,Ridge
Reggie Wayne,WR,2015,1.61,1.24,-0.3678391621740107,0.3678391621740107,Ridge
Miles Austin,WR,2015,1.61,1.24,-0.3678391621740107,0.3678391621740107,Ridge
Breshad Perriman,WR,2015,1.52,1.17,-0.3461886604925638,0.3461886604925638,Ridge
Phillip Dorsett,WR,2015,1.42,0.92,-0.49721956042158966,0.49721956042158966,Ridge
Harry Douglas,WR,2015,2.62,3.18,0.5589697196297483,0.5589697196297483,Ridge
Jermaine Kearse,WR,2015,1.64,2.48,0.833000233071391,0.833000233071391,Ridge
Greg Jennings,WR,2015,2.79,3.87,1.0770980352967192,1.0770980352967192,Ridge
Steve Johnson,WR,2015,2.44,4.25,1.8035712962362256,1.8035712962362256,Ridge
Kenny Britt,WR,2015,3.19,3.47,0.2787961333311363,0.2787961333311363,Ridge
A.J. Green,WR,2015,10.47,8.89,-1.5800983590467264,1.5800983590467264,Ridge
Julio Jones,WR,2015,9.95,8.73,-1.2198273826629136,1.2198273826629136,Ridge
Dez Bryant,WR,2015,9.77,9.97,0.1948672948472105,0.1948672948472105,Ridge
T.Y. Hilton,WR,2015,9.07,7.62,-1.4575854651535047,1.4575854651535047,Ridge
Larry Fitzgerald,WR,2015,7.68,5.35,-2.3312137647785183,2.3312137647785183,Ridge
Jeremy Maclin,WR,2015,7.68,5.35,-2.3312137647785183,2.3312137647785183,Ridge
Randall Cobb,WR,2015,6.98,7.58,0.5964944128344238,0.5964944128344238,Ridge
Brandon Marshall,WR,2015,6.05,6.88,0.8283812744731923,0.8283812744731923,Ridge
Demaryius Thomas,WR,2015,9.77,9.97,0.1948672948472105,0.1948672948472105,Ridge
Torrey Smith,WR,2015,5.58,5.84,0.25851227152290446,0.25851227152290446,Ridge
Michael Crabtree,WR,2015,5.93,4.68,-1.255699364338461,1.255699364338461,Ridge
Danny Amendola,WR,2015,3.32,2.28,-1.039678507199464,1.039678507199464,Ridge
Eddie Royal,WR,2015,3.49,4.3,0.8055438340964949,0.8055438340964949,Ridge
Amari Cooper,WR,2015,3.95,3.7,-0.2503501902769184,0.2503501902769184,Ridge
Kevin White,WR,2015,2.89,3.2,0.31306679266795007,0.31306679266795007,Ridge
Percy Harvin,WR,2015,4.19,3.54,-0.6518873767511992,0.6518873767511992,Ridge
Dwayne Bowe,WR,2015,4.54,5.18,0.64245154406605,0.64245154406605,Ridge
Andre Johnson,WR,2015,4.89,6.37,1.481447349202932,1.481447349202932,Ridge
Andre Holmes,WR,2016,1.29,1.39,0.1012680977005926,0.1012680977005926,Ridge
Laquon Treadwell,WR,2016,1.6,2.44,0.8416785046199055,0.8416785046199055,Ridge
Cecil Shorts,WR,2016,1.61,2.16,0.5449540457633479,0.5449540457633479,Ridge
Josh Doctson,WR,2016,1.62,2.82,1.1989766363181664,1.1989766363181664,Ridge
Will Fuller,WR,2016,1.64,2.94,1.3057673469271867,1.3057673469271867,Ridge
Kamar Aiken,WR,2016,1.64,4.72,3.073292015303725,3.073292015303725,Ridge
Anquan Boldin,WR,2016,1.77,4.68,2.907728620467641,2.907728620467641,Ridge
Corey Coleman,WR,2016,1.88,3.32,1.4415146317136176,1.4415146317136176,Ridge
Chris Hogan,WR,2016,2.58,2.94,0.36717077581248025,0.36717077581248025,Ridge
Danny Amendola,WR,2016,2.61,3.41,0.8035319260931693,0.8035319260931693,Ridge
Jermaine Kearse,WR,2016,2.9,4.16,1.259586514189464,1.259586514189464,Ridge
Brandon LaFell,WR,2016,1.61,2.16,0.5449540457633479,0.5449540457633479,Ridge
Mike Wallace,WR,2016,3.7,4.26,0.552360742070987,0.552360742070987,Ridge
Travis Benjamin,WR,2016,3.86,4.87,1.0011755855115372,1.0011755855115372,Ridge
Rishard Matthews,WR,2016,3.22,4.17,0.9474946248263373,0.9474946248263373,Ridge
Alshon Jeffery,WR,2016,9.4,7.18,-2.2190972767551416,2.2190972767551416,Ridge
Keenan Allen,WR,2016,7.25,5.87,-1.3714234979781372,1.3714234979781372,Ridge
Larry Fitzgerald,WR,2016,7.08,7.5,0.4178810166676636,0.4178810166676636,Ridge
Emmanuel Sanders,WR,2016,7.08,7.5,0.4178810166676636,0.4178810166676636,Ridge
Doug Baldwin,WR,2016,7.41,7.9,0.48868661994655727,0.48868661994655727,Ridge
Allen Hurns,WR,2016,6.45,6.63,0.18030805399771865,0.18030805399771865,Ridge
Marvin Jones,WR,2016,5.15,5.36,0.20456704297685882,0.20456704297685882,Ridge
Victor Cruz,WR,2016,4.62,3.94,-0.6764125233379215,0.6764125233379215,Ridge
Mohamed Sanu,WR,2016,4.19,3.05,-1.138821380154623,1.138821380154623,Ridge
Tavon Austin,WR,2016,6.8,3.85,-2.944467019506646,2.944467019506646,Ridge
Russell Shepard,WR,2017,2.0,1.49,-0.5062436894322758,0.5062436894322758,Ridge
John Ross,WR,2017,2.56,3.38,0.8192701727472628,0.8192701727472628,Ridge
Terrance Williams,WR,2017,2.54,3.71,1.1641068249210245,1.1641068249210245,Ridge
Cordarrelle Patterson,WR,2017,2.54,3.71,1.1641068249210245,1.1641068249210245,Ridge
Eric Decker,WR,2017,2.4,2.9,0.506017971538095,0.506017971538095,Ridge
Ted Ginn,WR,2017,2.2,2.51,0.31445240179819245,0.31445240179819245,Ridge
Marquise Goodwin,WR,2017,1.8,1.56,-0.23631717852265616,0.23631717852265616,Ridge
Kendall Wright,WR,2017,1.2,1.4,0.20240793177710265,0.20240793177710265,Ridge
Anquan Boldin,WR,2017,1.65,2.43,0.7881968359992262,0.7881968359992262,Ridge
Dontrelle Inman,WR,2017,1.64,1.95,0.30201209265415146,0.30201209265415146,Ridge
Taylor Gabriel,WR,2017,1.64,1.95,0.30201209265415146,0.30201209265415146,Ridge
Kamar Aiken,WR,2017,1.56,0.61,-0.9447650285369393,0.9447650285369393,Ridge
Aldrick Robinson,WR,2017,1.2,1.4,0.20240793177710265,0.20240793177710265,Ridge
Victor Cruz,WR,2017,1.2,1.4,0.20240793177710265,0.20240793177710265,Ridge
Brandon LaFell,WR,2017,2.69,3.99,1.2952887129663428,1.2952887129663428,Ridge
Jeremy Kerley,WR,2017,1.68,1.81,0.13782843280605894,0.13782843280605894,Ridge
Adam Thielen,WR,2017,2.88,4.04,1.1632159266042459,1.1632159266042459,Ridge
Mike Williams,WR,2017,2.96,2.73,-0.2238913855615178,0.2238913855615178,Ridge
Antonio Brown,WR,2017,10.18,10.05,-0.1274398602012186,0.1274398602012186,Ridge
Torrey Smith,WR,2017,2.99,3.54,0.5462001592131692,0.5462001592131692,Ridge
DeAndre Hopkins,WR,2017,9.7,8.04,-1.662308585018886,1.662308585018886,Ridge
Davante Adams,WR,2017,8.68,6.32,-2.358402323867111,2.358402323867111,Ridge
Alshon Jeffery,WR,2017,7.78,6.62,-1.1668337901431458,1.1668337901431458,Ridge
DeSean Jackson,WR,2017,6.69,7.15,0.4642048939997742,0.4642048939997742,Ridge
Pierre Garcon,WR,2017,5.69,6.58,0.8922583592309186,0.8922583592309186,Ridge
Kenny Britt,WR,2017,4.87,6.88,2.010834786546233,2.010834786546233,Ridge
Kenny Stills,WR,2017,4.79,5.27,0.48370561710978577,0.48370561710978577,Ridge
Larry Fitzgerald,WR,2017,6.59,6.87,0.28632469148073686,0.28632469148073686,Ridge
Corey Davis,WR,2017,3.8,4.42,0.6137638849580838,0.6137638849580838,Ridge
Terrelle Pryor,WR,2017,3.59,6.08,2.486557241215525,2.486557241215525,Ridge
Jeremy Maclin,WR,2017,3.29,5.67,2.3812549461167114,2.3812549461167114,Ridge
Brandon Marshall,WR,2017,3.29,5.67,2.3812549461167114,2.3812549461167114,Ridge
Markus Wheaton,WR,2017,3.29,5.67,2.3812549461167114,2.3812549461167114,Ridge
Julian Edelman,WR,2017,3.29,5.67,2.3812549461167114,2.3812549461167114,Ridge
Seth Roberts,WR,2017,3.14,2.45,-0.6903239194917011,0.6903239194917011,Ridge
Robert Woods,WR,2017,4.07,4.99,0.9209636426206307,0.9209636426206307,Ridge
Willie Snead,WR,2018,1.98,2.8,0.8277428219793572,0.8277428219793572,Ridge
Danny Amendola,WR,2018,3.39,2.98,-0.40285675001305343,0.40285675001305343,Ridge
Allen Hurns,WR,2018,3.1,3.44,0.3347506430578007,0.3347506430578007,Ridge
John Brown,WR,2018,2.82,2.27,-0.5513158546158858,0.5513158546158858,Ridge
Cameron Meredith,WR,2018,2.68,3.48,0.7992925260363919,0.7992925260363919,Ridge
Terrelle Pryor,WR,2018,2.54,2.97,0.42572906995718973,0.42572906995718973,Ridge
Tyrell Williams,WR,2018,1.64,2.83,1.1856381688649993,1.1856381688649993,Ridge
Matt Slater,WR,2018,1.41,1.59,0.17869480433345514,0.17869480433345514,Ridge
D.J. Moore,WR,2018,1.58,1.94,0.3597439000269764,0.3597439000269764,Ridge
Jaron Brown,WR,2018,1.55,0.61,-0.9434702375954347,0.9434702375954347,Ridge
Calvin Ridley,WR,2018,1.54,1.7,0.16705052246154523,0.16705052246154523,Ridge
Jarius Wright,WR,2018,1.41,1.59,0.17869480433345514,0.17869480433345514,Ridge
Cody Latimer,WR,2018,1.41,1.59,0.17869480433345514,0.17869480433345514,Ridge
Alex Erickson,WR,2018,1.14,0.25,-0.8906883579010318,0.8906883579010318,Ridge
Marquise Goodwin,WR,2018,3.76,3.65,-0.11551067952527486,0.11551067952527486,Ridge
Adam Humphries,WR,2018,1.64,2.83,1.1856381688649993,1.1856381688649993,Ridge
Tavon Austin,WR,2018,3.95,1.76,-2.1947054050998056,2.1947054050998056,Ridge
Taylor Gabriel,WR,2018,3.67,1.63,-2.043125373569127,2.043125373569127,Ridge
Jordy Nelson,WR,2018,4.01,4.71,0.7002975095431532,0.7002975095431532,Ridge
Odell Beckham Jr.,WR,2018,10.16,5.17,-4.990024547691321,4.990024547691321,Ridge
Michael Crabtree,WR,2018,3.95,1.76,-2.1947054050998056,2.1947054050998056,Ridge
Mike Evans,WR,2018,9.31,7.34,-1.9689103370263263,1.9689103370263263,Ridge
Brandin Cooks,WR,2018,9.14,7.38,-1.767083659319789,1.767083659319789,Ridge
Jarvis Landry,WR,2018,9.02,6.51,-2.5050264837555556,2.5050264837555556,Ridge
Stefon Diggs,WR,2018,8.13,6.48,-1.6473888723251908,1.6473888723251908,Ridge
Allen Robinson,WR,2018,7.9,6.54,-1.3577287366625987,1.3577287366625987,Ridge
Tyler Lockett,WR,2018,5.98,4.13,-1.8549533137311953,1.8549533137311953,Ridge
Sammy Watkins,WR,2018,9.03,5.81,-3.218562603982833,3.218562603982833,Ridge
Quincy Enunwa,WR,2018,5.08,3.88,-1.1953326946878062,1.1953326946878062,Ridge
Marqise Lee,WR,2018,4.8,4.58,-0.21974013658302288,0.21974013658302288,Ridge
Albert Wilson,WR,2018,4.51,3.53,-0.9829872167802706,0.9829872167802706,Ridge
Paul Richardson,WR,2018,4.51,3.53,-0.9829872167802706,0.9829872167802706,Ridge
Rishard Matthews,WR,2018,4.37,5.08,0.7068799801648047,0.7068799801648047,Ridge
Donte Moncrief,WR,2018,5.42,4.15,-1.269002437369575,1.269002437369575,Ridge
Ryan Grant,WR,2018,4.16,3.09,-1.0702259634525007,1.0702259634525007,Ridge
Demaryius Thomas,WR,2019,1.59,3.31,1.713015531440331,1.713015531440331,Ridge
Torrey Smith,WR,2019,1.59,3.31,1.713015531440331,1.713015531440331,Ridge
Eli Rogers,WR,2019,1.61,3.25,1.6443555529635385,1.6443555529635385,Ridge
Chester Rogers,WR,2019,1.64,2.17,0.5302575095430386,0.5302575095430386,Ridge
Robbie Chosen,WR,2019,1.64,2.17,0.5302575095430386,0.5302575095430386,Ridge
Michael Crabtree,WR,2019,1.73,3.12,1.3962728973755372,1.3962728973755372,Ridge
Allen Hurns,WR,2019,1.86,1.96,0.10153763997768211,0.10153763997768211,Ridge
Marquise Brown,WR,2019,1.57,2.15,0.582187794170276,0.582187794170276,Ridge
Travis Benjamin,WR,2019,2.13,2.72,0.5902141432946082,0.5902141432946082,Ridge
Geronimo Allison,WR,2019,1.49,1.61,0.12489649934896117,0.12489649934896117,Ridge
Josh Gordon,WR,2019,1.08,1.61,0.5300598187157196,0.5300598187157196,Ridge
N'Keal Harry,WR,2019,1.34,1.9,0.5605728827034864,0.5605728827034864,Ridge
Josh Bellamy,WR,2019,1.33,0.46,-0.8730212458415497,0.8730212458415497,Ridge
Cameron Meredith,WR,2019,1.28,2.02,0.7411373250029092,0.7411373250029092,Ridge
Andre Roberts,WR,2019,1.22,1.38,0.16005844133619423,0.16005844133619423,Ridge
Chris Conley,WR,2019,1.22,0.14,-1.0844051769073655,1.0844051769073655,Ridge
Rashard Higgins,WR,2019,1.08,1.61,0.5300598187157196,0.5300598187157196,Ridge
Seth Roberts,WR,2019,1.06,0.32,-0.743363785870572,0.743363785870572,Ridge
Jordan Matthews,WR,2019,1.06,0.32,-0.743363785870572,0.743363785870572,Ridge
Breshad Perriman,WR,2019,2.13,2.72,0.5902141432946082,0.5902141432946082,Ridge
Phillip Dorsett,WR,2019,1.38,1.91,0.530419014817581,0.530419014817581,Ridge
Donte Moncrief,WR,2019,2.39,3.55,1.155053444532988,1.155053444532988,Ridge
Antonio Brown,WR,2019,8.88,9.94,1.0614177771204854,1.0614177771204854,Ridge
Jakeem Grant,WR,2019,2.62,3.16,0.540906716893945,0.540906716893945,Ridge
Julio Jones,WR,2019,11.69,11.14,-0.5543787585687077,0.5543787585687077,Ridge
Michael Thomas,WR,2019,10.23,10.51,0.27931527541649875,0.27931527541649875,Ridge
Tyreek Hill,WR,2019,9.56,9.45,-0.11635330937900118,0.11635330937900118,Ridge
Adam Thielen,WR,2019,8.61,9.42,0.8086246440964797,0.8086246440964797,Ridge
Tyrell Williams,WR,2019,5.9,6.01,0.11213992631251002,0.11213992631251002,Ridge
Larry Fitzgerald,WR,2019,5.84,5.68,-0.16509680718878733,0.16509680718878733,Ridge
Tyler Boyd,WR,2019,5.71,6.65,0.9336390515448517,0.9336390515448517,Ridge
Danny Amendola,WR,2019,2.39,3.55,1.155053444532988,1.155053444532988,Ridge
DeVante Parker,WR,2019,5.4,4.47,-0.9283340768800004,0.9283340768800004,Ridge
Devin Funchess,WR,2019,5.31,4.98,-0.3287956576067175,0.3287956576067175,Ridge
Sterling Shepard,WR,2019,5.45,5.46,0.013405905857228478,0.013405905857228478,Ridge
Golden Tate,WR,2019,4.98,5.44,0.4623417732117059,0.4623417732117059,Ridge
Adam Humphries,WR,2019,4.78,4.79,0.007084125701747185,0.007084125701747185,Ridge
John Brown,WR,2019,4.78,4.79,0.007084125701747185,0.007084125701747185,Ridge
DeSean Jackson,WR,2019,4.78,4.79,0.007084125701747185,0.007084125701747185,Ridge
Julian Edelman,WR,2019,4.12,5.29,1.1692393197724056,1.1692393197724056,Ridge
Cole Beasley,WR,2019,3.85,4.46,0.6032910032050463,0.6032910032050463,Ridge
Willie Snead,WR,2019,3.19,3.79,0.6009936542407341,0.6009936542407341,Ridge
Randall Cobb,WR,2019,2.66,3.31,0.6496797730473493,0.6496797730473493,Ridge
Cordarrelle Patterson,WR,2019,2.66,3.31,0.6496797730473493,0.6496797730473493,Ridge
Jamison Crowder,WR,2019,5.05,4.65,-0.40107822764481466,0.40107822764481466,Ridge
Brandon Aiyuk,WR,2020,1.58,4.6,3.023509381304935,3.023509381304935,Ridge
Jalen Reagor,WR,2020,1.67,5.18,3.5065406662477523,3.5065406662477523,Ridge
Justin Jefferson,WR,2020,1.66,5.04,3.381120887393481,3.381120887393481,Ridge
Kendrick Bourne,WR,2020,1.64,4.09,2.449899017471441,2.449899017471441,Ridge
Keelan Cole,WR,2020,1.64,4.09,2.449899017471441,2.449899017471441,Ridge
Albert Wilson,WR,2020,1.51,4.44,2.9278626340666576,2.9278626340666576,Ridge
CeeDee Lamb,WR,2020,1.77,5.32,3.5573560051423843,3.5573560051423843,Ridge
Devin Funchess,WR,2020,1.26,4.97,3.7085877719765694,3.7085877719765694,Ridge
Demarcus Robinson,WR,2020,1.16,3.29,2.1325902841600892,2.1325902841600892,Ridge
Tee Higgins,WR,2020,1.1,3.88,2.788086067255586,2.788086067255586,Ridge
"Michael Pittman, Jr.",WR,2020,1.09,3.74,2.653341364082444,2.653341364082444,Ridge
David Moore,WR,2020,1.08,3.29,2.217475936355879,2.217475936355879,Ridge
Cody Core,WR,2020,1.01,2.83,1.8168826631134647,1.8168826631134647,Ridge
Matt Slater,WR,2020,1.34,4.32,2.9789775935257614,2.9789775935257614,Ridge
Seth Roberts,WR,2020,1.89,4.59,2.7015166468108935,2.7015166468108935,Ridge
Cooper Kupp,WR,2020,7.95,8.78,0.8316552954477086,0.8316552954477086,Ridge
Henry Ruggs,WR,2020,2.1,5.76,3.6538479350452597,3.6538479350452597,Ridge
DeAndre Hopkins,WR,2020,13.75,11.03,-2.7213273542268794,2.7213273542268794,Ridge
Keenan Allen,WR,2020,10.1,9.82,-0.2789394495281067,0.2789394495281067,Ridge
A.J. Green,WR,2020,9.07,8.76,-0.312023053069424,0.312023053069424,Ridge
Robert Woods,WR,2020,8.2,8.75,0.5517029931074682,0.5517029931074682,Ridge
Jerry Jeudy,WR,2020,1.92,5.61,3.694436218020461,3.694436218020461,Ridge
Larry Fitzgerald,WR,2020,5.8,7.04,1.2339892932702683,1.2339892932702683,Ridge
Amari Cooper,WR,2020,10.09,9.57,-0.5251177186892066,0.5251177186892066,Ridge
Randall Cobb,WR,2020,4.54,6.68,2.1405098817015826,2.1405098817015826,Ridge
Sammy Watkins,WR,2020,4.54,6.68,2.1405098817015826,2.1405098817015826,Ridge
Emmanuel Sanders,WR,2020,4.04,6.91,2.8725558852397075,2.8725558852397075,Ridge
Breshad Perriman,WR,2020,3.28,5.68,2.400380655921193,2.400380655921193,Ridge
Danny Amendola,WR,2020,2.52,5.58,3.059628868228732,3.059628868228732,Ridge
Robbie Chosen,WR,2020,5.05,7.68,2.6320300854547667,2.6320300854547667,Ridge
Cordarrelle Patterson,WR,2021,1.64,-0.09,-1.734241493278861,1.734241493278861,Ridge
Jamal Agnew,WR,2021,2.6,0.63,-1.9757570811076695,1.9757570811076695,Ridge
DeSean Jackson,WR,2021,2.47,1.7,-0.7683276103836522,0.7683276103836522,Ridge
Tyrell Williams,WR,2021,2.19,3.25,1.0578494555947033,1.0578494555947033,Ridge
John Brown,WR,2021,2.05,2.75,0.699951424403911,0.699951424403911,Ridge
Zach Pascal,WR,2021,1.85,1.55,-0.3005087833226373,0.3005087833226373,Ridge
Rashod Bateman,WR,2021,1.73,1.61,-0.1197927469592519,0.1197927469592519,Ridge
Antonio Brown,WR,2021,1.7,2.25,0.5542354430871567,0.5542354430871567,Ridge
Andre Roberts,WR,2021,1.51,0.62,-0.8853631267900823,0.8853631267900823,Ridge
Cedrick Wilson Jr.,WR,2021,1.2,0.34,-0.8566312848691252,0.8566312848691252,Ridge
Zay Jones,WR,2021,1.37,0.19,-1.1773878723783078,1.1773878723783078,Ridge
Rashard Higgins,WR,2021,1.3,1.21,-0.09353847809013723,0.09353847809013723,Ridge
Jakeem Grant,WR,2021,1.26,-0.03,-1.2904943205075325,1.2904943205075325,Ridge
John Ross,WR,2021,1.23,-0.34,-1.574730851491856,1.574730851491856,Ridge
Elijah Moore,WR,2021,1.22,0.47,-0.7585203625849848,0.7585203625849848,Ridge
David Moore,WR,2021,2.6,0.63,-1.9757570811076695,1.9757570811076695,Ridge
Byron Pringle,WR,2021,1.17,0.04,-1.1264736784381328,1.1264736784381328,Ridge
Cam Sims,WR,2021,1.17,0.04,-1.1264736784381328,1.1264736784381328,Ridge
KhaDarel Hodge,WR,2021,1.17,0.04,-1.1264736784381328,1.1264736784381328,Ridge
Breshad Perriman,WR,2021,1.37,0.19,-1.1773878723783078,1.1773878723783078,Ridge
Sammy Watkins,WR,2021,2.74,2.74,0.002683682794114503,0.002683682794114503,Ridge
Kadarius Toney,WR,2021,1.88,1.86,-0.019905696911521123,0.019905696911521123,Ridge
DeVonta Smith,WR,2021,2.76,2.87,0.11368140738898178,0.11368140738898178,Ridge
Kendrick Bourne,WR,2021,2.74,2.74,0.002683682794114503,0.002683682794114503,Ridge
Kenny Golladay,WR,2021,9.86,6.48,-3.385409707592772,3.385409707592772,Ridge
Allen Robinson,WR,2021,9.85,8.25,-1.5988899727590296,1.5988899727590296,Ridge
Tyler Lockett,WR,2021,9.48,8.74,-0.7393084896230486,0.7393084896230486,Ridge
Chris Godwin,WR,2021,8.76,7.1,-1.653082841246374,1.653082841246374,Ridge
Robbie Chosen,WR,2021,8.08,6.95,-1.1306558190247396,1.1306558190247396,Ridge
Corey Davis,WR,2021,6.85,6.7,-0.15061074829976207,0.15061074829976207,Ridge
Curtis Samuel,WR,2021,6.3,5.45,-0.8467575920438432,0.8467575920438432,Ridge
Nelson Agholor,WR,2021,6.03,5.38,-0.6488030334052659,0.6488030334052659,Ridge
Will Fuller,WR,2021,5.82,5.96,0.13771362995786615,0.13771362995786615,Ridge
Courtland Sutton,WR,2021,8.22,7.23,-0.9876970194420465,0.9876970194420465,Ridge
JuJu Smith-Schuster,WR,2021,4.38,5.56,1.1780624310447803,1.1780624310447803,Ridge
T.Y. Hilton,WR,2021,4.38,5.56,1.1780624310447803,1.1780624310447803,Ridge
Ja'Marr Chase,WR,2021,4.22,3.76,-0.4624577530604156,0.4624577530604156,Ridge
Jaylen Waddle,WR,2021,3.71,3.63,-0.07766127808427614,0.07766127808427614,Ridge
Marvin Jones,WR,2021,3.42,5.69,2.2686668864530786,2.2686668864530786,Ridge
Emmanuel Sanders,WR,2021,3.29,4.78,1.4910157042146197,1.4910157042146197,Ridge
A.J. Green,WR,2021,3.29,4.78,1.4910157042146197,1.4910157042146197,Ridge
Keelan Cole,WR,2021,3.01,3.05,0.040067029336331855,0.040067029336331855,Ridge
Tim Patrick,WR,2021,5.48,4.22,-1.2577309757453663,1.2577309757453663,Ridge
Jamison Crowder,WR,2021,3.01,3.05,0.040067029336331855,0.040067029336331855,Ridge
Sterling Shepard,WR,2022,1.44,1.85,0.4062881674740653,0.4062881674740653,Ridge
Randall Cobb,WR,2022,1.44,1.85,0.4062881674740653,0.4062881674740653,Ridge
Josh Reynolds,WR,2022,1.44,1.85,0.4062881674740653,0.4062881674740653,Ridge
Tre'Quan Smith,WR,2022,1.44,1.85,0.4062881674740653,0.4062881674740653,Ridge
Jakeem Grant,WR,2022,1.6,1.68,0.07485706516571315,0.07485706516571315,Ridge
Jahan Dotson,WR,2022,1.81,2.54,0.730679754770203,0.730679754770203,Ridge
Treylon Burks,WR,2022,1.73,2.28,0.5501518157333893,0.5501518157333893,Ridge
JuJu Smith-Schuster,WR,2022,1.81,2.55,0.7478842869664496,0.7478842869664496,Ridge
Jakobi Meyers,WR,2022,1.91,3.48,1.5704841722996392,1.5704841722996392,Ridge
Jarvis Landry,WR,2022,1.44,1.85,0.4062881674740653,0.4062881674740653,Ridge
Deonte Harty,WR,2022,1.91,3.48,1.5704841722996392,1.5704841722996392,Ridge
A.J. Green,WR,2022,1.68,2.62,0.9341372493059361,0.9341372493059361,Ridge
T.Y. Hilton,WR,2022,1.39,1.79,0.40198016350445986,0.40198016350445986,Ridge
Jamison Crowder,WR,2022,0.96,0.07,-0.8903465889642309,0.8903465889642309,Ridge
Cam Sims,WR,2022,1.24,0.54,-0.7072090013506573,0.7072090013506573,Ridge
Kalif Raymond,WR,2022,1.2,0.07,-1.1338632809667826,1.1338632809667826,Ridge
Olamide Zaccheaus,WR,2022,1.17,-0.41,-1.5756583806050606,1.5756583806050606,Ridge
Ashton Dulin,WR,2022,1.17,-0.41,-1.5756583806050606,1.5756583806050606,Ridge
Christian Watson,WR,2022,1.11,0.44,-0.6682488487826908,0.6682488487826908,Ridge
Isaiah McKenzie,WR,2022,1.06,-0.11,-1.1658822234407138,1.1658822234407138,Ridge
Gunner Olszewski,WR,2022,1.01,0.18,-0.8292926379635946,0.8292926379635946,Ridge
Wan'Dale Robinson,WR,2022,0.98,0.05,-0.9345121790477963,0.9345121790477963,Ridge
John Metchie III,WR,2022,0.97,-0.08,-1.0517201927544786,1.0517201927544786,Ridge
Mack Hollins,WR,2022,0.96,0.07,-0.8903465889642309,0.8903465889642309,Ridge
Ray-Ray McCloud,WR,2022,0.96,0.07,-0.8903465889642309,0.8903465889642309,Ridge
Allen Lazard,WR,2022,1.91,3.48,1.5704841722996392,1.5704841722996392,Ridge
Chris Conley,WR,2022,0.96,0.07,-0.8903465889642309,0.8903465889642309,Ridge
Byron Pringle,WR,2022,1.98,2.56,0.5802029405561109,0.5802029405561109,Ridge
Matt Slater,WR,2022,1.26,1.1,-0.1631420175211104,0.1631420175211104,Ridge
Chris Olave,WR,2022,2.31,3.32,1.009628605502146,1.009628605502146,Ridge
Jameson Williams,WR,2022,2.1,0.79,-1.310091311014795,1.310091311014795,Ridge
Tyreek Hill,WR,2022,14.41,9.84,-4.567544364307402,4.567544364307402,Ridge
Davante Adams,WR,2022,13.45,11.04,-2.4087283724625372,2.4087283724625372,Ridge
Cooper Kupp,WR,2022,12.82,11.39,-1.4383038788647273,1.4383038788647273,Ridge
A.J. Brown,WR,2022,12.01,8.45,-3.5608837312419,3.5608837312419,Ridge
Stefon Diggs,WR,2022,11.53,9.17,-2.359306102589727,2.359306102589727,Ridge
Deebo Samuel,WR,2022,11.46,7.93,-3.5290592821470943,3.5290592821470943,Ridge
Terry McLaurin,WR,2022,11.14,7.78,-3.3617075439878548,3.3617075439878548,Ridge
D.J. Moore,WR,2022,9.91,7.56,-2.3445805713120396,2.3445805713120396,Ridge
Chris Godwin,WR,2022,9.61,7.61,-2.000329058455001,2.000329058455001,Ridge
Mike Williams,WR,2022,9.61,7.61,-2.000329058455001,2.000329058455001,Ridge
Brandin Cooks,WR,2022,9.55,7.07,-2.4751125407329795,2.4751125407329795,Ridge
Diontae Johnson,WR,2022,8.82,6.64,-2.1755782266932324,2.1755782266932324,Ridge
D.K. Metcalf,WR,2022,11.53,9.17,-2.359306102589727,2.359306102589727,Ridge
Hunter Renfrow,WR,2022,7.61,6.28,-1.3327310356735733,1.3327310356735733,Ridge
Garrett Wilson,WR,2022,2.47,3.03,0.558758664647236,0.558758664647236,Ridge
Christian Kirk,WR,2022,8.65,6.19,-2.4555542617638677,2.4555542617638677,Ridge
Drake London,WR,2022,2.59,3.16,0.5720435275373976,0.5720435275373976,Ridge
Julio Jones,WR,2022,2.88,4.11,1.2258286681567654,1.2258286681567654,Ridge
Cedrick Wilson Jr.,WR,2022,3.53,3.55,0.020623380376953715,0.020623380376953715,Ridge
Zay Jones,WR,2022,3.84,3.02,-0.8231662252785182,0.8231662252785182,Ridge
Braxton Berrios,WR,2022,2.88,4.11,1.2258286681567654,1.2258286681567654,Ridge
D.J. Chark,WR,2022,4.8,3.7,-1.1022602669079666,1.1022602669079666,Ridge
Russell Gage,WR,2022,4.8,3.7,-1.1022602669079666,1.1022602669079666,Ridge
Marquez Valdes-Scantling,WR,2022,4.8,3.7,-1.1022602669079666,1.1022602669079666,Ridge
Michael Gallup,WR,2022,5.52,4.75,-0.7760332188399548,0.7760332188399548,Ridge
Adam Thielen,WR,2022,7.15,6.17,-0.9785420683101738,0.9785420683101738,Ridge
Allen Robinson,WR,2022,7.44,5.27,-2.174158947262729,2.174158947262729,Ridge
Braxton Berrios,WR,2023,1.56,0.03,-1.5230234962591624,1.5230234962591624,Ridge
Jaxon Smith-Njigba,WR,2023,1.6,2.06,0.45918160976945943,0.45918160976945943,Ridge
Ashton Dulin,WR,2023,1.6,1.65,0.048315226170290645,0.048315226170290645,Ridge
Quentin Johnston,WR,2023,1.58,1.8,0.22654122951661948,0.22654122951661948,Ridge
Zay Flowers,WR,2023,1.56,1.68,0.11445680451474954,0.11445680451474954,Ridge
Mecole Hardman,WR,2023,1.78,2.49,0.7069555035305695,0.7069555035305695,Ridge
Jordan Addison,WR,2023,1.53,1.42,-0.10971115580927053,0.10971115580927053,Ridge
Zach Pascal,WR,2023,1.0,-0.24,-1.2452987953338157,1.2452987953338157,Ridge
Randall Cobb,WR,2023,1.33,0.92,-0.4114378280887725,0.4114378280887725,Ridge
Marvin Jones,WR,2023,1.33,0.92,-0.4114378280887725,0.4114378280887725,Ridge
Matt Slater,WR,2023,1.19,0.9,-0.2853237668487602,0.2853237668487602,Ridge
Noah Brown,WR,2023,1.16,0.05,-1.1111529540635332,1.1111529540635332,Ridge
Jonathan Mingo,WR,2023,0.98,0.39,-0.59976466970321,0.59976466970321,Ridge
Parris Campbell,WR,2023,2.09,1.85,-0.2382181656589183,0.2382181656589183,Ridge
Nelson Agholor,WR,2023,1.45,1.38,-0.06538795724147194,0.06538795724147194,Ridge
Deonte Harty,WR,2023,2.11,2.37,0.2523643773847905,0.2523643773847905,Ridge
Mack Hollins,WR,2023,1.11,0.43,-0.6792316380311716,0.6792316380311716,Ridge
Cedrick Wilson Jr.,WR,2023,2.22,2.71,0.4834658344229293,0.4834658344229293,Ridge
D.J. Chark,WR,2023,2.22,2.71,0.4834658344229293,0.4834658344229293,Ridge
Odell Beckham Jr.,WR,2023,6.67,4.51,-2.158554172846311,2.158554172846311,Ridge
Allen Lazard,WR,2023,4.89,5.41,0.5142607232072195,0.5142607232072195,Ridge
Jakobi Meyers,WR,2023,4.89,5.41,0.5142607232072195,0.5142607232072195,Ridge
Brandin Cooks,WR,2023,4.45,5.25,0.8029453379902775,0.8029453379902775,Ridge
Michael Thomas,WR,2023,4.45,5.25,0.8029453379902775,0.8029453379902775,Ridge
Russell Gage,WR,2023,3.78,4.01,0.2314792995587657,0.2314792995587657,Ridge
DeAndre Hopkins,WR,2023,5.78,5.72,-0.06184649819452326,0.06184649819452326,Ridge
Adam Thielen,WR,2023,3.71,5.14,1.4345856853016112,1.4345856853016112,Ridge
Robert Woods,WR,2023,3.39,3.07,-0.3243389927097509,0.3243389927097509,Ridge
Allen Robinson,WR,2023,3.34,3.53,0.1967767193729035,0.1967767193729035,Ridge
Darius Slayton,WR,2023,2.67,4.13,1.462370453775678,1.462370453775678,Ridge
DeVante Parker,WR,2023,2.4,3.16,0.7538649575550272,0.7538649575550272,Ridge
JuJu Smith-Schuster,WR,2023,3.78,4.01,0.2314792995587657,0.2314792995587657,Ridge
Kalif Raymond,WR,2023,2.34,2.32,-0.010876133049023129,0.010876133049023129,Ridge
Rashid Shaheed,WR,2024,1.21,2.0,0.784302235851253,0.784302235851253,Ridge
Ricky Pearsall,WR,2024,1.23,1.74,0.5111339512173617,0.5111339512173617,Ridge
Xavier Worthy,WR,2024,1.35,1.87,0.5171545148630229,0.5171545148630229,Ridge
Brian Thomas Jr.,WR,2024,1.44,2.0,0.5605818913512741,0.5605818913512741,Ridge
Nelson Agholor,WR,2024,1.47,1.44,-0.025910937122147933,0.025910937122147933,Ridge
Noah Brown,WR,2024,1.57,2.33,0.7646552000228666,0.7646552000228666,Ridge
Demarcus Robinson,WR,2024,1.57,2.33,0.7646552000228666,0.7646552000228666,Ridge
Devin Duvernay,WR,2024,1.66,2.01,0.34124579788883425,0.34124579788883425,Ridge
Josh Reynolds,WR,2024,1.76,2.77,1.00806179671621,1.00806179671621,Ridge
Xavier Legette,WR,2024,1.21,1.48,0.27175296488140854,0.27175296488140854,Ridge
K.J. Osborn,WR,2024,1.57,2.33,0.7646552000228666,0.7646552000228666,Ridge
Odell Beckham Jr.,WR,2024,1.17,1.35,0.17815526732815734,0.17815526732815734,Ridge
Ladd McConkey,WR,2024,0.98,0.45,-0.525523133947123,0.525523133947123,Ridge
D.J. Chark,WR,2024,1.17,1.35,0.17815526732815734,0.17815526732815734,Ridge
Cedrick Wilson Jr.,WR,2024,1.13,0.97,-0.1585822262713074,0.1585822262713074,Ridge
Mack Hollins,WR,2024,1.02,0.48,-0.5389672736866971,0.5389672736866971,Ridge
Keon Coleman,WR,2024,0.99,0.71,-0.2761429306965305,0.2761429306965305,Ridge
Ray-Ray McCloud,WR,2024,0.98,-0.09,-1.0668067655297881,1.0668067655297881,Ridge
Rome Odunze,WR,2024,2.22,2.9,0.6711017178419141,0.6711017178419141,Ridge
Ja'Lynn Polk,WR,2024,0.95,0.32,-0.6246740813046145,0.6246740813046145,Ridge
Tyler Boyd,WR,2024,0.94,0.43,-0.5120246533414318,0.5120246533414318,Ridge
Zay Jones,WR,2024,0.88,0.11,-0.7717435105403418,0.7717435105403418,Ridge
Marquez Valdes-Scantling,WR,2024,0.88,0.11,-0.7717435105403418,0.7717435105403418,Ridge
Braxton Berrios,WR,2024,0.84,-1.43,-2.274198866558134,2.274198866558134,Ridge
Brandon Powell,WR,2024,0.78,-1.47,-2.257822362616732,2.257822362616732,Ridge
Cordarrelle Patterson,WR,2024,1.17,1.35,0.17815526732815734,0.17815526732815734,Ridge
Jauan Jennings,WR,2024,2.33,2.29,-0.03820031042359659,0.03820031042359659,Ridge
Mike Williams,WR,2024,3.92,4.19,0.27453782406385296,0.27453782406385296,Ridge
Rashod Bateman,WR,2024,2.52,2.34,-0.18064513503293286,0.18064513503293286,Ridge
Chris Moore,WR,2024,0.78,-1.47,-2.257822362616732,2.257822362616732,Ridge
Justin Jefferson,WR,2024,13.7,9.87,-3.8362444248668637,3.8362444248668637,Ridge
CeeDee Lamb,WR,2024,13.31,11.61,-1.7044133070139966,1.7044133070139966,Ridge
A.J. Brown,WR,2024,12.53,10.54,-1.9887197260176044,1.9887197260176044,Ridge
Amon-Ra St. Brown,WR,2024,11.75,9.87,-1.8756878571077051,1.8756878571077051,Ridge
Brandon Aiyuk,WR,2024,11.75,9.28,-2.4658702754765045,2.4658702754765045,Ridge
Tyreek Hill,WR,2024,11.75,9.28,-2.4658702754765045,2.4658702754765045,Ridge
Jaylen Waddle,WR,2024,11.06,7.66,-3.4006554282012216,3.4006554282012216,Ridge
D.J. Moore,WR,2024,10.77,9.23,-1.5403819436609982,1.5403819436609982,Ridge
DeVonta Smith,WR,2024,9.79,8.4,-1.3880421922760497,1.3880421922760497,Ridge
Nico Collins,WR,2024,9.49,7.57,-1.927652855436264,1.927652855436264,Ridge
"Michael Pittman, Jr.",WR,2024,9.14,5.34,-3.7978489981059385,3.7978489981059385,Ridge
Darius Slayton,WR,2024,2.43,3.47,1.0423783941028688,1.0423783941028688,Ridge
Calvin Ridley,WR,2024,9.01,5.93,-3.0751112000544296,3.0751112000544296,Ridge
Tee Higgins,WR,2024,8.54,6.29,-2.251482072129296,2.251482072129296,Ridge
Mike Evans,WR,2024,8.03,8.13,0.10387094267960972,0.10387094267960972,Ridge
Jerry Jeudy,WR,2024,6.85,5.28,-1.569475089005004,1.569475089005004,Ridge
Tyler Lockett,WR,2024,5.87,7.13,1.2540711523187122,1.2540711523187122,Ridge
Courtland Sutton,WR,2024,5.38,5.92,0.5375750776905753,0.5375750776905753,Ridge
Darnell Mooney,WR,2024,5.09,3.99,-1.0962102337738457,1.0962102337738457,Ridge
Gabriel Davis,WR,2024,5.09,3.99,-1.0962102337738457,1.0962102337738457,Ridge
Marvin Harrison Jr.,WR,2024,3.46,3.92,0.46130498973231615,0.46130498973231615,Ridge
Curtis Samuel,WR,2024,3.13,3.55,0.4190850349205841,0.4190850349205841,Ridge
Malik Nabers,WR,2024,2.86,3.67,0.8078449117753729,0.8078449117753729,Ridge
Marquise Brown,WR,2024,2.74,3.88,1.1369017798567675,1.1369017798567675,Ridge
Kendrick Bourne,WR,2024,2.55,3.88,1.3341997671665793,1.3341997671665793,Ridge
Stefon Diggs,WR,2024,8.82,8.34,-0.47830381581254744,0.47830381581254744,Ridge
Nick Westbrook-Ikhine,WR,2024,0.78,-1.47,-2.257822362616732,2.257822362616732,Ridge
